URL,Title,Price,Rating,Seller,Description
https://www.newegg.com/gigabyte-windforce-oc-gv-n3060wf2oc-12gd-rev2-0-nvidia-geforce-rtx-3060-12gb-gddr6/p/N82E16814932658,GIGABYTE WINDFORCE OC GeForce RTX 3060 12GB GDDR6 PCI Express 4.0 x16 ATX Graphics Card GV-N3060WF2OC-12GD REV2.0,329.99$,4.8 out of 5,Seller is Newegg,NVIDIA Ampere Streaming Multiprocessors 2nd Generation RT Cores 3rd Generation Tensor Cores Powered by GeForce RTX 3060 Integrated with 12GB GDDR6 192-bit memory interface WINDFORCE 2X Cooling System with alternate spinning fans Screen Cooling 200mm Compact Size Core Clock: 1792MHz
https://www.newegg.com/amd-epyc-4244p-socket-am5/p/N82E16819113837,AMD EPYC 4004 (4th Gen) 4244P Hexa-core (6 Core) 3.80 GHz Processor  - 32 MB L3 Cache - 64-bit Processing - 5.10 GHz Overclocking Speed - Socket AM5 - 65 W - 12 Threads 100-100001480WOF,231.99$,5 out of 5,Seller is Newegg,AMD EPYC 4004 (4th Gen) 4244P Hexa-core (6 Core) 3.80 GHz Processor  - 32 MB L3 Cache - 64-bit Processing - 5.10 GHz Overclocking Speed - Socket AM5 - 65 W - 12 Threads 100-100001480WOF
https://www.newegg.com/p/N82E16824281350,"ASUS VU249HFI-W Eye Care Monitor – 24"" (23.8 inch viewable) Full HD (1920 x 1080), IPS, 100Hz, SmoothMotion, Adaptive Sync, Nano-ion, Eye Care Plus technology, Blue Light Filter, Flicker Free",1149.99$,No Rating,Seller is Newegg,"23.8"" Full HD frameless design with IPS 178° wide viewing angle panel Built-in Nano-ion generator to enhance air quality in indoor environment SmoothMotion technology with up to 100Hz refresh rate and 1ms MPRT eliminate tracing and ensure crisp and clear video playback and daily usage Green sustainability with paper packaging and energy-efficient performance that meets environmental standards Eye Care Plus technology and TÜV Rheinland-certified adjustable Blue Light Filter and ASUS Flicker Free technology ensure comfortable viewing"
https://www.newegg.com/msi-mag-z790-tomahawk-max-wifi-atx-intel-z790-lga-1700/p/N82E16813144633,"MSI MAG Z790 TOMAHAWK MAX WIFI LGA 1700(14th,13th,12th Gen) DDR5 ATX 8x SATA 6G  4x M.2  Wi-Fi 7  Bluetooth 2.5Gbps LAN Motherboard",260.44$,4.3 out of 5,Seller is Deal Targets,"BIOS update may be required when used with some 14th generation Intel Core processors, visit MSI support website for more information Wi-Fi 7: The latest wireless solution with a new 320MHz channel, achieving a maximum transmission speed of 5.8Gbps, which is 2.4 times faster than Wi-Fi 6/6E. Screwless M.2 Shield Frozr:The patent-pending design provides the easiest way of M.2 installation. Install or uninstall your M.2 and Shield Frozr without tools and screws. Lightning Gen 5: The latest PCIe 5.0 solution with up to 128GB/s bandwidth for maximum transfer speed. Quadruple M.2 Connectors: Onboard quadruple M.2 connectors for the maximum storage performance. Extended Heatsink Design: MSI extended PWM heatsink and enhanced circuit design ensures even high-end processors to run in full speed. M.2 Shield FROZR: M.2 thermal accessory keeps M.2 SSDs safe while preventing throttling, making them run faster."
https://www.newegg.com/black-startech-com-crj4550pk-consumer-electronics/p/N82E16812200789,StarTech.com CRJ4550PK 50 Pkg - Cat5e RJ45 Stranded Modular Plug Connector,27.99$,4.6 out of 5,Seller is Newegg,Terminate your Cat5e cables to the exact length required Cat 5e Plug / RJ45 Modular Plug / RJ45 Modular Connector / RJ45 ends / Bulk Cat5e RJ45 Stranded Modular Plug Connectors / 50 Pkg Field terminate your Cat 5e patch cables Designed to fit all Cat5e patch cables Convenient 50-pack for bulk Cat5e field terminations
https://www.newegg.com/startech-com-glct10pkst/p/N82E16833114158,"StarTech.com Cisco GLC-T Compatible SFP Module, 1000BASE-T RJ45 Copper, 10 Pack",317.99$,No Rating,Seller is Newegg,"With 1000Base-T technology, get up to 1000Mbps data transfer rate over twisted pair cable Gigabit Ethernet port for ultra-fast network speeds Up to 10x faster than standard Ethernet connection and provides high-performance Supports twisted pair cables for durability and improved signal transfer while ensuring smooth and seamless data transfer Twisted Pair media support for efficient and reliable connectivity Twisted Pair media support for a dependable and productive connectivity SFP (mini-GBIC) offers better usage with maximum efficiency and convenience SFP (mini-GBIC) offers enhanced dependability with maximum productivity SFP (mini-GBIC) with data networking application/usage for maximum productivity and usability SFP (mini-GBIC) with data networking application/usage for reliability and maximum efficiency Hot-pluggable form factor for added reliability and dependability Hot-pluggable form factor allows hassle-free and easy usage with increased efficiency"
https://www.newegg.com/ubiquiti-usw-48-48-x-rj45-4-x-sfp/p/1B4-0121-000V1,Ubiquity Standard 48 (USW-48),89.99$,4.7 out of 5,Seller is Newegg,"A 48-port, Layer 2 switch with a silent, fanless cooling system. (48) GbE ports (4) 1G SFP ports Fanless, silent cooling"
https://www.newegg.com/istarusa-tc-1200pd8g-atx/p/0Y3-008J-00002,iStarUSA TC-1200PD8G 1200W Ps2 Atx High Efficiency Switching Power Supply,308.99$,No Rating,Seller is Newegg,TC-1200PD8G
https://www.newegg.com/msi-rtx-5070-12g-shadow-2x-oc-nvidia-geforce-rtx-5070-12gb-gddr7/p/N82E16814137944,MSI SHADOW GeForce RTX 5070 12GB GDDR7 PCI Express 5.0 Graphics Card RTX 5070 12G SHADOW 2X OC,609.99$,4.3 out of 5,Seller is Newegg,12GB 192-Bit GDDR7 Boost Clock 2542 MHz 1 x HDMI 2.1b 3 x DisplayPort 2.1b 6144 Cores CUDA Cores PCI Express 5.0
https://www.newegg.com/acer-ed323qu-p1bmiipx-31-5-qhd-180-hz-nitro-va-black/p/N82E16824011512,"Acer Nitro ED323QU P1bmiipx 31.5"" 1000R Curved WQHD (2560 x 1440) Zero Frame Gaming Monitor with AMD FreeSync Technology, Up to 180Hz, 1ms(VRB) - (1 x Display Port 1.4 & 2 x HDMI 2.0 Ports)",2399.99$,No Rating,Seller is Newegg,"31.5"" WQHD (2560 x 1440) 1000R Curved Widescreen Gaming Monitor AMD FreeSync Technology ZeroFrame Design Response Time: 1ms (VRB) Refresh Rate: 180Hz (Using Display Port) - 144Hz (Using HDMI Port) Color Saturation: sRGB 99% Panel Type: VA Acer VisionCare Technologies 2 Speakers, 2 Watts per Speaker Ports: 1 x Display Port 1.4, 2 x HDMI 2.0 Ports & 1 x Audio Out"
https://www.newegg.com/msi-rtx-5070-ti-16g-ventus-3x-oc-nvidia-geforce-rtx-5070-ti-16gb-gddr7/p/N82E16814137933,MSI Ventus GeForce RTX 5070 Ti 16GB GDDR7 PCI Express 5.0 Graphics Card RTX 5070 TI 16G VENTUS 3X OC,899.99$,4.9 out of 5,Seller is Newegg,16GB 256-Bit GDDR7 Boost Clock 2482 MHz 1 x HDMI 2.1b 3 x DisplayPort 2.1b 8960 Cores CUDA Cores PCI Express 5.0
https://www.newegg.com/acer-pm161qt-bmiuuux-15-6-fhd-60-hz-ips-black/p/N82E16824011523,"Acer PM161QT bmiuuux 15.6"" Full HD (1920 x 1080) IPS Business Portable Touch Monitor with Adaptive-Sync Support (FreeSync Compatible) | Ultra Slim Portable Design | External Monitor for Laptop PC Mac",144.99$,No Rating,Seller is Newegg,"15.6"" Full HD (1920 x 1080) Widescreen IPS Touch Display Adaptive-Sync Support (FreeSync Compatible) Ultra Slim Portable Design Wide Viewing Angle with In-Plane Switching Technology Refresh Rate: 60Hz Response Time: 6ms (G to G) VESA mounting compliant (75 x 75mm) 2 speakers, 1 watt per speaker 2 x USB 3.1 (Type-C) ports (Gen 1 up to 5 Gbps) supporting data, power (15W) and DisplayPort over USB-C 1 x Mini HDMI and 1 x Audio Out"
https://www.newegg.com/brother-ds-640-single-pass-dsmobile/p/N82E16838102040,Brother DSmobile DS-640 48 bit int./ 24 bit ext. Single CIS 600 x 600 dpi Single Pass Mobile Scanner,133.13$,No Rating,Seller is NothingButSavings,Single CIS 600 x 600 dpi 48 bit int./ 24 bit ext. 1200 x 1200 dpi
https://www.newegg.com/blue-startech-7-ft-others/p/N82E16812200588,StarTech.com N6PATCH7BL Cat6 Ethernet Cable - 7 ft - Blue - Patch Cable - Snagless Cat5 Cable - Short Network Cable - Ethernet Cord - Cat 6 Cable - 7ft,390.99$,4.6 out of 5,Seller is NothingButSavings,7ft Blue CAT6 Ethernet cable w/100% copper Multi Gigabit 1/2.5/5Gbps and 10Gbps up to 160ft | Fluke patch cord tested to comply w/ANSI/TIA-568-2.D Category 6 24 AWG stranded copper conductors | Up to 100W for PoE applications | IEEE 802.3bt and DTE power compliance | Built w/ETL and UL verified wire (E132276-A) | 650Mhz Rated | ANSI/TIA-568-B wiring | 7 foot 50-micron gold-plated RJ45 connectors stop rust/corrosion Snagless UTP network cable is easily pulled through wiring conduits
https://www.newegg.com/gigabyte-me03-ce0-amd-epyc-8004-series/p/296-0006-00079,"Gigabyte AMD EPYC 8004, AMD-SoC, ATX Server Motherboard - 2x 10Gb/s Broadcom LAN, 1x Management Board (ME03-CE0 rev. rev. 1.0)",756.99$,No Rating,Seller is Newegg,"AMD EPYC 8004 Series processors Single processor, 5nm technology 6-Channel RDIMM DDR5, 12 x DIMMs 2 x 10Gb/s BASE-T LAN ports (Broadcom BCM57416) 1 x Dedicated management port 3 x MCIO 4i for 3 x Gen5 NVMe or 12 x SATA 1 x M.2 slot with PCIe Gen3 x4 interface 3 x PCIe Gen5 x16 expansion slots 3 x PCIe Gen4 x16 and x8 expansion slots"
https://www.newegg.com/msi-liquid-cooling-system-r-series-v2-radiator-size-272-00-x-120-00-x-32-00-mm/p/N82E16835846026,"MSI MAG CoreLiquid 240R V2 AIO Liquid CPU Cooler, 240mm Radiator, Dual PWM Fans, ARGB Lighting Controlled by Software - LGA 1700/1851 / AM5/AM4 Compatible",109.99$,4 out of 5,Seller is Newegg,500~2000 RPM 21.63~78.73 CFM Radiator Dim. 272.00 x 120.00 x 32.00 mm Fan Noise 14.3~34.3 dBA LGA 1700 Ready
https://www.newegg.com/asus-va24dqf-24-0-fhd-100-hz-ips/p/N82E16824281281,"ASUS 24” (23.8-inch viewable) 1080P Eye Care Monitor (VA24DQF) - IPS, Full HD, Frameless, 100Hz, 1ms, Adaptive-Sync, for Working and Gaming, Low Blue Light, Flicker Free, DisplayPort",439.00$,5 out of 5,Seller is Newegg,"23.8-inch Full HD (1920x1080) frameless design with IPS 178° wide viewing angle panel SmoothMotion 100Hz refresh rate and 1ms MPRT delivers a seamless, tear-free visual experience by enabling VRR (variable refresh rate) Rich connectivity features HDMI and DisplayPort, plus earphone jack VESA wall-mountable to save on desktop space ASUS Eye Care monitors feature TUV Rheinland-certified Flicker-free and Low Blue Light technologies to ensure a comfortable viewing experience What’s in the box: HDMI cable, L-shaped Screwdriver, Power cord, Quick start guide, Warranty Card Free 1-month Adobe Creative Cloud Subscription: Receive complimentary access with the purchase of this product (offer valid from 9/15/2021 to 8/31/2024)"
https://www.newegg.com/creative-sound-blaster-katana-v2x-bluetooth-usb-optical-hdmi/p/N82E16836116221,"Creative Sound Blaster Katana V2X 5.1 Multi-Channel Gaming Soundbar with Compact Subwoofer, 180W Peak Power, ft Tri-Amplified 5-Driver Design, Super X-Fi Technology, and RGB Lighting",299.99$,5 out of 5,Seller is Newegg,"POWERFUL AUDIO WITH REDESIGNED COMPACT SUBWOOFER – Enjoy stunning audio clarity with the Sound Blaster Katana V2X’s game-changing tri-amplified amps, powered by our proprietary multi-core DSP chip. For those with space constraint, the discreet subwoofer is 40% smaller than Katana V2 and is an ideal choice for smaller rooms without compromising audio quality 5.1 MULTI-CHANNEL IMMERSIVE AUDIO PLAYBACK – Experience crystal clear and impressive room-filling sound with its 5.1 channel playback and peak power up to 180W. The Sound Blaster Katana V2X is also a certified Dolby Audio decoder via HDMI ARC and optical connection, so it can recreate the all-familiar cinematic experience in the comfort of your own home from a Dolby-certified source AWARD-WINNING SUPER X-FI TECHNOLOGY AND SXFI BATTLE MODE VIA HEADPHONES – Personalize your headphone experience with Super X-Fi for the most optimized and realistic listening experience. Gain competitive advantage in FPS games with SXFI BATTLE Mode"
https://www.newegg.com/p/N82E16823167063,MSI Strike 600 RGB Mechanical Gaming Keyboard - Silent Switches,49.00$,5 out of 5,Seller is Newegg,"The sound-dampening structure minimizes pings and echoes, ensuring a quieter and more enjoyable experience for those wanting to stay silent Featuring a 45g actuation force and tactile bump, the dustproof silent mechanical switches deliver a quiet, smooth typing experience for every key press. Easily control your media with the smart dual touch volume wheel and dedicated media keys. MSI's exclusive octagonal keycaps, with a silver primer coating, offer a durable, fingerprint-resistant lettering and a contemporary look for an optimal typing experience. Constructed with aircraft grade aluminum alloy for optimum durability. The built-in onboard memory allows gamers to customize and store up to 3 profiles, including any settings, RGB effects, and macro keys."
https://www.newegg.com/asrock-rack-b550d4u-2t-supports-amd-ryzen-5000-g-series-desktop-processors-with-radeon-graphics-supp/p/N82E16813140072,AsRock Rack B550D4ID-2L2T Deep mini-ITX Server Motherboard AMD Ryzen 5000 Series AM4 (PGA 1331) B550 Dual 1GbE+10GbE,399.00$,No Rating,Seller is Newegg,"Deep mini-ITX (6.7"" x 8.2"") Support AMD Ryzen 5000 Series Desktop Processors Support 4 x DIMM slots (2DPC), supports DDR4 ECC/non-ECC UDIMM Support 1 x PCIe4.0 x16 Support 4 x SATA 6Gb/s Support 1 x M.2 (PCIe4.0 x4 or SATA 6Gb/s) Support 2 x RJ45 (10GbE) by Intel® X710 + 2 x RJ45 (1GbE) by Intel i210 + 1 x  1 x dedicated IPMI Support ATX PSU and 12V DC-in"
https://www.newegg.com/acer-kg251q-z1biip-24-5-fhd-280-hz-va-black/p/N82E16824011519,"Acer Nitro KG251Q Z1biip 24.5"" Gaming Full HD (1920 x 1080) Gaming Monitor with AMD FreeSync PremiumTechnology, Up to 280Hz Refresh Rate, 1ms (VRB), HDR 10, VESA mounting compliant (100 x 100mm) (1 x Display Port 1.4, 2 x HDMI 2.0 Ports)",149.99$,No Rating,Seller is Newegg,"24.5"" Full HD (1920 x 1080) Widescreen VA Monitor AMD FreeSync Premium Technology Response Time: 1ms (VRB) Panel Type: VA Refresh Rate: 280Hz Using Display Port | 240Hz using HDMI Port Color Saturation: NTSC 72% HDR Ready VESA mounting compliant (100 x 100mm) Acer VisionCare Technologies Ports: 1 x Display Port 1.4 & 2 x HDMI 2.0 Ports"
https://www.newegg.com/athena-power-p2g-5650v-650w/p/N82E16817338074,Athena Power Zippy P2G-5650V 650W Single 2U Server Power Supply - OEM,479.99$,No Rating,Seller is Newegg,650W Single One 60 mm DC Fan Fans
https://www.newegg.com/athena-power-ap-mps3atx80ep8-800w-micro-ps3/p/N82E16817338119,Athena Power AP-MPS3ATX80EP8 800W MicroPS3 (118mm Length)/PS2 Single EPS12V/ATX12V IPC Server Power Supply - 80PLUS Bronze - ActivePFC - OEM,209.99$,3.6 out of 5,Seller is AyaGroup,800W ATX 24 (20+4) Pin x 1 P4-12V 4 Pin x 1 EPS12V 8 Pin x 2 PCIE 6 Pin x 2 PCIE 6+2 Pin x 2 SATA 15 Pin x 8 Molex 4 Pin x 2 Floppy 4 Pin x 1 80mm Exhaust x 1 Fans
https://www.newegg.com/green-project-b-lc75c-cyan/p/N82E16828651001,Green Project B-LC75C Ink Cartridge (OEM# Brother LC75C) 600 Page Yield; Cyan,6.64$,5 out of 5,Seller is Newegg,"Cyan 600 Pages Compatible Products LC75C, LC75-C, LC-75 C, LC75-C DCP-J525W DCP-J725DW DCP-J925DW MFC-J280W MFC-J425W MFC-J430W MFC-J435W MFC-J5910DW MFC-J625W MFC-J6510DW MFC-J6710DW MFC-J6910DW MFC-J825DW MFC-J835DW"
https://www.newegg.com/p/N82E16813183819,"Supermicro Server Motherboard MBD-H13SSL-N Socket SP5 AMD 4th Gen EPYC™ 9004/9005 Genoa, Up to 3TB 3DS ECC RDIMM DDR5, ATX.",689.00$,5 out of 5,Seller is Newegg,"AMD EPYC™ 9004/9005* Series Processors (*AMD EPYC™ 9005 series drop-in support requires board revision 2.x) System on Chip Support up to DDR5 12 DIMM slots (1DPC) 3 PCIe 5.0 x16 2 PCIe 5.0 x8 Up to 6 USB 3.0 ports(4 rear + 2 via header) 8 SATA3 6 PWM 4-pin Fans with tachometer status monitoring M.2 Interface: 2 PCIe 4.0 x4 M.2 Form Factor: 2280, 22110"
https://www.newegg.com/amd-epyc-4244p-socket-am5/p/N82E16819113836,AMD EPYC 4004 (4th Gen) 4244P Hexa-core (6 Core) 3.80 GHz Processor - OEM Pack - 32 MB L3 Cache - 64-bit Processing - 5.10 GHz Overclocking Speed - Socket AM5 - 65 W - 12 Threads 100-000001480 - OEM,249.99$,5 out of 5,Seller is Newegg,AMD EPYC 4004 (4th Gen) 4244P Hexa-core (6 Core) 3.80 GHz Processor - OEM Pack - 32 MB L3 Cache - 64-bit Processing - 5.10 GHz Overclocking Speed - Socket AM5 - 65 W - 12 Threads 100-000001480
https://www.newegg.com/p/1B4-00JV-00066,Silverstone GM500-S 80 PLUS Silver 500W mini redundant power supply,499.97$,No Rating,Seller is Gnagugu,500+500W 24hour and well working performance at 50? fully continuous power output PS/2 mini redundant power with depth of 174mm for easy integration 1+1 redundant configuration 80 PLUS Silver Certified Hot swappable design Convenient pull-out handle bars Industry-leading reliability Japanese electrolytic capacitors
https://www.newegg.com/brother-mfc-series-mfcj1205w-inkjet/p/N82E16828120347,Brother MFC-J1205W INKvestment Tank Wireless Multi-Function Color Inkjet Printer with Up to 1-Year of Ink In-box,259.99$,5 out of 5,Seller is Newegg,"Up to 1-year of ink in-box Brother Mobile Connect App puts the power of printing at your fingertips Wireless, Wireless Direct, and USB connectivity"
https://www.newegg.com/asrock-rx6600-cld-8g-amd-radeon-rx-6600-8gb-gddr6/p/N82E16814930066,ASRock Radeon RX 6600 Challenger D 8GB GDDR6 PCI Express 4.0 Graphics Card RX6600 CLD 8G,219.97$,4.7 out of 5,Seller is Newegg,8GB 128-Bit GDDR6 Core Clock 1626 MHz Boost Clock 2491 MHz 1 x HDMI 2.1 3 x DisplayPort 1.4 1792 Stream Processors PCI Express 4.0
https://www.newegg.com/p/1A4-006E-00001,DS-700AC USB to WiFi 5 Adapter Device Server with IPv4/IPv6 Support,251.99$,No Rating,Seller is Newegg,"USB Device Connectivity over Wireless Network Enterprise Security for Wi-Fi Network: The DS-700AC supports Wi-Fi WPA3-Enterprise security. The latest Wi-Fi security can protect the wireless network. It also supports legacy Wi-Fi security such as WPA/WPA2-Enterprise. For personal use, it supports WPA/WPA2/WPA3-Personal, too. Equipment Sharing from Two Different Networks: Office equipment deployed in a network now can join another network keeping two networks still isolated. The DS-700AC can convert a USB device port of the equipment to the wireless network port. High Data Bandwidth: The DS-700AC USB 3 SuperSpeed port provides higher bandwidth over gigabit Ethernet LAN than the legacy USB 2.0 device server. Data transfer from USB devices will complete much faster than ever. Network Management Tool: SX Virtual Link is software to access USB devices attached to the USB device server over the network."
https://www.newegg.com/p/0XM-001R-001G1,"TP-Link PCIe WiFi Card for Desktop PC, Dual Band Wireless Internal Network Card(Archer T2E) High-Gain Antenna, MU-MIMO, WPA3, Low Profile, Supports Windows 10",14.99$,4.5 out of 5,Seller is Newegg,"Dual-Band WiFi: Upgrade your Desktop PC with dual band PCI-E wireless adapter High-Gain Antenna: Advanced external high-gain antenna greatly enhances the reception and transmission signal strength for your desktop PC MU-MIMO - Improves the throughput and efficiency of the wireless network with MU-MIMO technology WPA3 Support- Improve your cybersecurity with more secure and individualized protection while being on the internet Easy Setup - The Archer T2E plugs easily into your PC's existing PCIE slot, featuring simple installation Low-Profile Bracket- In addition to the standard bracket, a low-profile bracket is also provided for mini tower computer cases Operating System - Supports Windows 10"
https://www.newegg.com/ubiquiti-usw-pro-24-24-x-rj45-2-x-sfp/p/0XP-000A-004E5,Ubiquiti Pro 24 (USW-Pro-24),99.99$,4.8 out of 5,Seller is Newegg,"A 24-port, Layer 3 switch supporting 10G SFP+ connections with fanless cooling. (24) GbE ports (2) 10G SFP+ ports DC power backup-ready Layer 3 switching Silent cooling"
https://www.newegg.com/p/N82E16826188016,"EVGA X12 Gaming Mouse, 8k, Wired, Black, Customizable, Dual Sensor, 16,000 DPI, 5 Profiles, 8 Buttons, Ambidextrous Light Weight, RGB, 905-W1-12BK-KR",9.99$,4 out of 5,Seller is Newegg,"Dual Sensor 2-Dimension Array Tech, LOD sensor paired with a Pixart 3389 optical sensor USB2.0 High-Speed 32-bit Arm Cortex-M33 core microprocessor, supporting a native 8K Hz report rate. Eight times the standard 1K Hz on competing gaming mice for faster response time and precise movements. 5 customizable onboard profiles with on the fly DPI settings allow you to take your mouse anywhere. 3 zone RGB Lighting customizable via the UNLEASH RGB software Light weight ambidextrous body and flexible paracord usb cable"
https://www.newegg.com/startech-com-glclhsmd10st/p/N82E16833114156,StarTech.com Cisco GLC-LH-SMD Compatible SFP Module 10 Pack - 1000BASE-LX/LH 1GbE Gigabit Ethernet Single Mode Fiber SMF Optic Transceiver,306.99$,No Rating,Seller is Newegg,"100% CISCO GLC-LH-SMD COMPATIBLE: Works with Cisco switches like Firepower, ASR920, IE2000, IE4000, ASR1000 and others TECHNICAL SPECS: 1000BASE-LX/LH | 1 Gbps | Single Mode (SMF)/Multi Mode (MMF) | LC Connector | 1310nm | Digital Diagnostic Monitoring (DDM) | Distances up to 40km (24.8mi) TESTED FOR OEM HOST COMPATIBILITY: Hot-swappable in Cisco routers and switches; DDM support reports the transceiver's status to most SNMP network management tools OUTSTANDING SUPPORT: Backed by StarTech.com for the life of the module itself, not your equipment; our modules won't void your OEM support and with access to our Tech Advisors 5/24 WORKS WITH MSA COMPLIANT SWITCHES: Also works with switch models from Ubiquiti, D-Link, Netgear, Supermicro, TP-Link and more that accept uncoded modules"
https://www.newegg.com/p/N82E16828104666,HP 70 (C9405A) 70 Printhead Light Magenta and Light Cyan,105.00$,No Rating,Seller is Newegg,"High-definition HP printhead. Help lower your printing costs - Reduce downtime and keep day-one image quality with user-replaceable HP printheads.. Count on HP printheads to produce the results you need across a versatile array of print jobs - vivid color, neutral grays, crisp lines and text, and consistent results at fast speeds. HP DesignJet ink is designed together with your HP DesignJet printer to deliver consistently high-quality prints on a wide range of media - saving you time, money, and ensuring your customers' satisfaction. Deliver high quality from amazing photos to high-definition prints using pigment-based HP Vivid Photo Inks with RGB colors. Reliable alternative to remanufactured, compatible, and third-party replacement ink cartridges: While non-HP inks may cost less, they can cause frequent printhead replacement, unsellable prints - wasting time and money - and increased printer downtime."
https://www.newegg.com/nzxt-liquid-cooling-system-kraken-240-275-mm-black/p/N82E16835146118,NZXT Kraken 240mm - RL-KN240-B1 – AIO CPU Liquid Cooler - LCD Display - 2 x F120P Static Pressure Fan Radiator Fans LGA 1851/1700 / AM5 Compatible,131.99$,4.2 out of 5,Seller is Newegg,"PERFORMANCE IN REAL TIME: Proudly display custom images and system specs in real time. The 1.54"" diameter LCD display screen provides a clean image. STAY COOL: Powerfully quiet F Series Static Pressure fans provide cooling with superior heat dissipation capability. The 7th gen Asetek pump ensures your Kraken stays cool and quiet at 2800 RPM. SIMPLE INSTALL: Setup is made simple with a single breakout cable that takes the guesswork out of the installation process. The liquid tubes are protected with reinforced nylon-braided sleeves for added durability and worry-free handling. NZXT CAM-READY: Personalize screen content with custom images or performance info with user-friendly NZXT CAM software. Control fan and pump speeds and run at 0 RPM mode at low temperatures to eliminate fan noise."
https://www.newegg.com/p/N82E16813140129,ASRock Rack AM5D4ID-2T/BCM Deep mini-ITX Server Motherboard AMD Ryzen 7000 AM5 (LGA 1718)  KNOLL3 X300  Dual 10G LAN,424.00$,No Rating,Seller is Newegg,"Deep mini-ITX (6.7""x 8.2"") Support AMD Ryzen 7000 series Processors Support 4 DIMM slots (2DPC), supports DDR5 ECC/non-ECC UDIMM Support 1 PCIe5.0 x16 Support 1 OCuLink (PCIe4.0 x2) Support 1 M.2 (PCIe5.0 x4) Support 2 RJ45 (10GbE) by Broadcom BCM57416 Support 1 HDMI Support Remote management (IPMI)"
https://www.newegg.com/tp-link-archer-ge800-be19000-6-ghz-11520-mbps-5-ghz-5760-mbps-2-4-ghz-1376-mbps/p/N82E16833704752,"TP-Link Tri-Band BE19000 Wi-Fi 7 Gaming Router Archer GE800 | 12-Stream 19 Gbps | 2×10G + 4×2.5G Ports, USB 3.0 | Quad Acceleration, Dedicated Band for Gaming | Game Panel, RGB",399.99$,5 out of 5,Seller is Newegg,"Unprecedented 19 Gbps Tri-Band WiFi 7:  Delivering 11520 Mbps on the 6 GHz band, 5760 Mbps on 5 GHz, and 1376 Mbps on 2.4 GHz Two 10G Ports for Future-Proof Connectivity: 2× 10 Gbps WAN/LAN ports, and 4× 2.5 Gbps LAN ports support massive bandwidth for wired gaming devices and ultra-fast connections, accommodating all gaming needs Exclusive Acceleration for Games: Accelerate game applications, game devices, mobile games, and game servers. Stabilize connections, minimize jitter, lag and ping while boosting speed Dedicated Game Panel: An intuitive game panel provides real-time insights into the battle environment, network status, router performance, rgb settings, accelerated games and gears, enabling players to strategize effectively Game-Style Design: High-performance launch pad appearance, seamless multicolor lighting, and optimized antenna layout ensure quality connections and a vibrant atmosphere"
https://www.newegg.com/onix-odyssey-8346-00178-intel-arc-b580-12gb-gddr6/p/N82E16814987002,ONIX LUMI Arc B580 12GB GDDR6 PCI Express 4.0 x8 ATX Graphics Card 8346-00278,329.99$,4.7 out of 5,Seller is Newegg,12GB 192-Bit GDDR6 Core Clock 2740 MHz 1 x HDMI 2.1 3 x DisplayPort 2.1 PCI Express 4.0 x8
https://www.newegg.com/model-wdba3a0040bbk-wesn-4tb-usb-3-2-gen-1-micro-b/p/N82E16822234386,WD Black 4TB P10 Game Drive Portable External Hard Drive for PS5/PS4/Xbox One/PC/Mac USB 3.2 (WDBA3A0040BBK-WESN),109.99$,4.6 out of 5,Seller is Newegg,"Enhanced gaming storage capacity of up to 5TB, accommodating over 125 games, ensuring ample space for both cherished classics and latest releases Portable form factor with sleek metal top covering that provides fast access to your growing game storage library Speeds up to 140MB/s (2TB model) to push your console or PC to new levels Compatible with Xbox Series X|S (play and store Xbox One games / archive Xbox Series X|S games) and PlayStation 5 (play and store PS4 games/archive PS5 games) consoles Premium HDD with 3-year limited warranty, purpose-built for gamers based on WD_BLACK quality and reliability"
https://www.newegg.com/noctua-nf-a12x25-pwm-chromax-black-swap-case-fan/p/1YF-000T-00387,"Noctua NF-A12x25 PWM chromax.black.swap, Premium Quiet Fan, 4-Pin (120mm, Black)",29.99$,4.8 out of 5,Seller is ZerKorr Power,"Premium quiet fan, 120x120x25mm, 12V, 4-pin PWM, max. 2000 RPM, max. 22.6 dB(A), >150,000 h MTTF Next-gen A-series design combines high airflow and high static pressure performance, ideal both as a case fan and for CPU coolers, watercooling radiators and AIO liquid cooling systems State-of-the-art engineering (AAO frame, Flow Acceleration Channels, record tight 0.5mm tip clearance) and construction (Sterrox® LCP material, metal-reinforced hub, metal bearing shell, etc.) 4-pin PWM version for automatic speed control via 4-pin PWM motherboard fan headers, 450-2000rpm speed range (near silent at idle, powerful under load) chromax.black.swap edition with swappable red, black, white, blue, yellow, grey and green anti-vibration pads for colour-customising (4 pads of each colour plus black anti-vibration gasket)"
https://www.newegg.com/corsair-liquid-cooling-322mm-amd-am5-am4-strx4-intel-1700-1200-115x-2066-2011-3-2011-black/p/N82E16835181367,"CORSAIR iCUE Link H115i RGB Liquid CPU Cooler - 280mm AIO - QX140 RGB Fans - Fits Intel® LGA 1700, AMD® AM5 - iCUE Link System Hub Included - Black",99.99$,4.3 out of 5,Seller is Newegg,"Simplified all-in-one CPU cooling with iCUE LINK Chain your iCUE LINK components together with fewer cables QX RGB fans with 34 LEDs per fan PWM fan speeds up to 2,000 RPM with Zero RPM mode support 280mm radiator Pre-applied CORSAIR XTM70 thermal paste Split-flow copper cold plate with micro-skived fins (128 fins/in) iCUE LINK System Hub included for use with iCUE software Extended tubing length of 400mm for easy installation Upgradeable to LCD screen with iCUE LINK AIO LCD Upgrade Kit Rotatable CORSAIR sails logo disk Six-year warranty"
https://www.newegg.com/green-project-e-t1273-magenta/p/N82E16828651131,Green Project E-T1273 Remanufactured Magenta Ink Cartridge,8.54$,No Rating,Seller is Newegg,Magenta 755 Pages Compatible Products Stylus NX625	WorkForce 545	WorkForce 60	WorkForce 630	WorkForce 633	WorkForce 635	WorkForce 645	WorkForce 840	WorkForce 845	WorkForce WF-3520	WorkForce WF-3540	WorkForce WF-7010	WorkForce WF-7510	WorkForce WF-7520
https://www.newegg.com/asus-vz27ehf-w-27-fhd-100-hz-ips-black/p/N82E16824281335,"ASUS 27"" (27-inch viewable) Eye Care Monitor (VZ27EHF-W) - Full HD (1920 x 1080), IPS, 100Hz, 1ms, Frameless, Adaptive-Sync, HDMI, Low Blue Light, Flicker Free, Ultra-Slim profile",1149.99$,No Rating,Seller is Newegg,"27-inch Full HD (1920 x 1080) IPS gaming monitor with stylish ultra-slim profile only 6.5mm thin SmoothMotion 100Hz refresh rate and 1ms MPRT delivers a seamless, tear-free visual experience by enabling VRR (variable refresh rate) VESA wall-mountable to save on desktop space TUV Rheinland Certification for Flicker-free and Low Blue Light technology to ensure a comfortable viewing experience Free 1-month Adobe Creative Cloud Subscription: Receive complimentary access with the purchase of this product (offer valid from 09/01/2023 to 08/31/2025)"
https://www.newegg.com/montech-ax120-pwm-white-case-fan/p/1YF-00Y5-00012,"Montech AX 120 ARGB Fan  1600PWM, High-End Durability, Silent Performance, and Stunning ARGB Design (120mm, White)",29.99$,4.5 out of 5,Seller is Newegg,"Elevate your build's aesthetics with the modern hexagonal RGB ring and 20 LEDs, bringing a new level of design aesthetics to your PC. Enjoy smart fan speed adjustments based on your system temperature, thanks to advanced PWM controls that allow you to adjust fan speed from 800RPM to 1600RPM. Enjoy a near-silent operation with optimized frames and blades, with noise levels under 27 dB(A) Invest in high-end durability with our HDB bearing, boasting a lifespan of 40,000 hours Say goodbye to noise caused by resonance phenomena, thanks to the integrated eight-rounded anti-vibration pads that reduce vibration and noise."
https://www.newegg.com/creative-labs-sound-blaster-gs3-soundbar/p/N82E16886112010,Creative Labs Sound Blaster GS3 Compact Gaming Soundbar  51MF8465AA000,64.99$,4 out of 5,Seller is Newegg,Dual 75 x 52mm Oval Drivers Bluetooth 5.4 & Wired Support 3.5mm AUX-In 3.5mm Headphone-Out USB-C 2.0 Connectivity Up to 24W Peak Power RGB Lighting
https://www.newegg.com/supermicro-mbd-x12spl-f-o-supports-3rd-gen-intel-xeon-scalable-processors/p/N82E16813183733,"SUPERMICRO MBD-X12SPL-F-O ATX Server Motherboard, Socket LGA-4189, support 3rd Gen Intel Xeon Scalable processors.",519.99$,4.8 out of 5,Seller is Newegg,"3rd Gen Intel Xeon Scalable processors, Single Socket LGA-4189 (Socket P+) supported, CPU TDP supports Up to 270W TDP Intel C621A Up to 2TB 3DS ECC RDIMM, DDR4-3200MHz; Up to 2TB 3DS ECC LRDIMM, DDR4-3200MHz Up to 2TB Intel Optane Persistent Memory, in 8 DIMM slots 2 PCI-E 4.0 x8, 1 PCI-E 4.0 x16, 1 PCI-E 4.0 x8 (in x16 slot), 3 PCI-E 3.0 x8 M.2 Interface: 1 SATA/PCI-E 3.0 x4 M.2 Form Factor: 2280/22110 M.2 Key: M-Key Intel C621A controller for 10 SATA3 (6 Gbps) ports; RAID 0,1,5,10 Dual LAN with Intel i210 Gigabit Ethernet Controller"
https://www.newegg.com/amd-epyc-9255-socket-sp5/p/N82E16819113863,AMD EPYC 5th Gen 9005 Series (Twenty-Four Core) 24 Core - Model 9255 AMD - EPYC - Processor / Number: 9255 - Processor / Clock Speed: 3.25 - Total Threads: 48 - Socket SP5 - L3 Cache - 128MB Memory - OEM,2392.99$,5 out of 5,Seller is Newegg,The Socket SP5 socket allows processor to be placed on the PCB without soldering EPYC product line processor for better usability and increased efficiency 128 MB of L3 cache memory provides excellent hit rate in short access time enabling improved system performance Tetracosa-core (24 Core) processor core allows multitasking with great reliability and fast processing speed Processor with 3.20 GHz clock speed for reliable and fast execution of instructions to ensure maximum convenience and feasibility
https://www.newegg.com/corsair-k70-rgb-pro-ch-9109410-na-mechanical-keyboard-cherry-mx-red/p/N82E16823816153,"Corsair K70 RGB PRO Wired Mechanical Gaming Keyboard (Cherry MX RGB Red Switches: Linear and Fast, 8,000Hz Hyper-Polling, PBT Double-Shot PRO Keycaps, Soft-Touch Palm Rest) QWERTY, NA - Black",169.99$,4.7 out of 5,Seller is Newegg,"The Legend Continues: The K70 RGB PRO retains the iconic elements of the award-winning K70 RGB with a durable aluminum frame, CHERRY MX mechanical keyswitches, and per-key RGB backlighting. Powered by CORSAIR AXON Hyper-Processing Technology: Enables a new level of K70 performance, processing and transmitting your inputs up to 8x faster than conventional gaming keyboards. 100% CHERRY MX RGB Red Mechanical Keyswitches: Have a linear travel with a silky smooth keypress that's ideal for performance gamers, and are guaranteed for 100 million keystrokes. Polycarbonate Keycaps with Standard Bottom Row: Durable polycarbonate plastic keycaps with a standard bottom row layout that supports custom keycap sets. Switch on the Competition: Flip the tournament switch to focus on winning those crucial games, automatically locking to distraction-free static backlighting and disabling accidental macro activations."
https://www.newegg.com/asus-rt-ax57/p/N82E16833320557,ASUS RT-AX57 AX3000 Dual Band WiFi 6 (802.11ax) Router  RT-AX57,89.99$,4 out of 5,Seller is Newegg,Dual Band - 2.40 GHz ISM Band - 5 GHz UNII Band 4 x Antenna(4 x External) 4 x Network Port 1 x Broadband Port Gigabit Ethernet VPN Supported
https://www.newegg.com/asus-pa247cv-23-8-full-hd/p/N82E16824281102,"ASUS ProArt PA247CV 24"" (23.8"" Viewable) 75Hz 1080P Full HD IPS USB Hub USB-C HDMI DisplayPort with Daisy-chaining, Calman Verified, Height Adjustable, Pivot, Swivel, Tilt Monitor with Built-in Speakers",2399.99$,5 out of 5,Seller is Newegg,"23.8-inch Full HD (1920 x 1080) LED backlight display with IPS 178° wide viewing angle panel International color standard 100% sRGB and 100% Rec. 709 wide color gamut Calman Verified with factory calibrated for excellent Delta E < 2 color accuracy Extensive connectivity including DisplayPort over USB-C with 65W Power Delivery, DisplayPort, HDMI, USB 3.2 Gen1 hub 75Hz refresh rate and Adaptive-Sync technology (48~75Hz) to animated content with fast action and eliminate screen tearing Daisy-chaining allows users to daisy chain up to four monitors for a multi-display workstation via DisplayPort Ergonomic design with +35° ~ -5° tilt, +/-90° swivel, +/-90° pivot and 130mm height adjustments for a comfortable viewing experience Free 3-month Adobe Creative Cloud Subscription: Receive complimentary access with the purchase of this product (offer valid from 9/15/2021 to 8/31/2024)"
https://www.newegg.com/startech-com-glctst/p/N82E16833114154,StarTech.com Cisco GLC-T Compatible SFP Module - 1000BASE-T - 1GE Gigabit Ethernet SFP SFP to RJ45 Cat6/Cat5e Transceiver - 100m,51.99$,No Rating,Seller is Newegg,"100% CISCO GLC-T COMPATIBLE: Works with Cisco switches like Firepower, ASR920, IE2000, IE4000, ASR9000 and others TECHNICAL SPECS: 1000BASE-T | 1 Gbps | Copper | RJ-45 Connector | Distances up to 100m (328ft) TESTED FOR OEM HOST COMPATIBILITY: Hot-swappable in Cisco routers and switches OUTSTANDING SUPPORT: Backed by StarTech.com for the life of the module itself, not your equipment; our modules won't void your OEM support and with access to our Tech Advisors 5/24 WORKS WITH MSA COMPLIANT SWITCHES: Also works with switch models from Ubiquiti, D-Link, Netgear, Supermicro, TP-Link and more that accept uncoded modules"
https://www.newegg.com/black-hp-90a/p/N82E16828115991,HP 90A LaserJet Toner Cartridge - Black,230.99$,5 out of 5,Seller is Newegg,Black Model #: CE390A Single Pack Approx page yield per cartridge: 10000 Compatible with: HP LaserJet M4555 Series
https://www.newegg.com/rosewill-rsv-z2800u-silver/p/N82E16811147343,"Rosewill 2U Server Chassis Rackmount Case, 4x 3.5"" Bays, 2x 2.5"" Devices, Micro-ATX Compatible, 2x 80mm PMW Fans, 2x USB 3.0 - RSV-Z2800U",109.99$,3.6 out of 5,Seller is Newegg,"Roomy Chassis: This 2U server case has 4 internal 3.5"" HDD bays plus 2 additional 2.5"" devices. Expandable & Micro-ATX Compatible: 4 PCI expansion slots and Micro-ATX compatibility gives you options for expansion. Quiet Cooling: 2 pre-installed 80mm front PWM cooling fans plus room for 1 additional 80mm fan provide excellent airflow and heat protection at reduced noise. Desired Features: Front panel LED indicators for power, HDD, and LAN status monitoring allow quick, easy visual assessment. Additional utility with 2 USB 3.0 port. Expansion Length: Low profile 150mm & Maximum Height: 69mm"
https://www.newegg.com/newell-rubbermaid-inc-1750630/p/1A4-000X-00001,EXT PRINTSERVER USB/ENET FOR,145.55$,No Rating,Seller is Deal Targets,Dymo LabelWriter Print Server
https://www.newegg.com/tp-link-deco-be95-mesh-wifi-system/p/N82E16833704716,"TP-Link Quad-Band WiFi 7 BE33000 Whole Home Mesh System (Deco BE95) | 16-Stream | 2 × 10G + 2 × 2.5G Ports Wired Backhaul, 12 × High-Gain Antennas | VPN, AI-Roaming, 4×4 MU-MIMO, HomeShield (2-Pack)",799.98$,No Rating,Seller is Newegg,"16-Stream 33 Gbps Quad-Band WiFi – 11520 Mbps (6 GHz-1) + 11520 Mbps (6 GHz-2) + 8640 Mbps (5 GHz) + 1148 Mbps (2.4 GHz) Multi-Gig 10 Gbps Network – 1× 10 Gbps Ethernet/Fiber Combo WAN/LAN port + 1× 10 Gbps WAN/LAN port + 2× 2.5 Gbps ports ensure max flexibility and boosted throughput Multi-Link Operation (MLO) – Simultaneously send and receive data across different bands and channels to increase throughput, reduce latency, and improve reliability 320 MHz Channels – Double the bandwidth and enables many more simultaneous transmissions at the fastest possible speeds Works on the 6 GHz Band – Minimizes congestion with greenfield spectrum, delivering robust high-speed connections TP-Link HomeShield – Provides comprehensive network protection, robust parental controls, and real-time IoT security"
https://www.newegg.com/black-c2g-29311-consumer-electronics/p/N82E16812999143,C2G/Cables To Go 29311 Cat6 RJ45 UTP Keystone Jack - White,9.99$,5 out of 5,Seller is Newegg,Provides a secure cable connection Includes 110-type IDC termination with strain relief caps 50 µinch gold plating on the jack contacts RoHS Compliant
https://www.newegg.com/msi-rtx-3050-ventus-2x-xs-8g-oc-nvidia-geforce-rtx-3050-8gb-gddr6/p/N82E16814137810,MSI Ventus GeForce RTX 3050 8GB GDDR6 PCI Express 4.0 x8 ATX Video Card RTX 3050 VENTUS 2X XS 8G OC,219.99$,4.7 out of 5,Seller is Newegg,8GB 128-Bit GDDR6 Boost Clock 1807 MHz 1 x DVI 1 x HDMI 2.1 1 x DisplayPort 1.4a 2560 Cores CUDA Cores PCI Express 4.0 x8
https://www.newegg.com/corsair-hxi-series-hx1000i-2023-1000-w-80-plus-platinum-certified/p/N82E16817139313,CORSAIR HX1000i Fully Modular Ultra-Low Noise ATX Power Supply - ATX 3.0 & PCIe 5.0 Compliant - Fluid Dynamic Bearing Fan - CORSAIR  iCUE Software Compatible - 80 PLUS Platinum Efficiency,169.99$,4.5 out of 5,Seller is Newegg,"Fully Modular Cabling: Connect only the cables your system needs, making clean and tidy builds easy. Intel® ATX 3.0 Certified: Compliant with the ATX 3.0 power standard, supporting the PCIe Gen 5 platform and resisting transient power spikes. 140mm Fluid Dynamic Bearing (FDB) Fan: Delivers extremely quiet and long-lasting fan performance. Powerful CORSAIR iCUE Software: Create custom fan curves, monitor power settings, and toggle between single to multi-rail overcurrent protection (OCP) on-the-fly. Zero RPM Fan Mode: At low and medium loads the cooling fan switches off entirely for near-silent operation. 100% Japanese 105°C Electrolytic Capacitors: Premium internal components ensure unwavering power delivery and long-term reliability. Fully Digital Platform: Resonant LLC topology and DC-to-DC conversion provides clean, consistent power and minimizes coil whine and noise for quiet operation."
https://www.newegg.com/broadcom-05-50111-00/p/N82E16816125020,Broadcom 9600-16i Tri-Mode 24G SAS eHBA  05-50111-00,748.99$,No Rating,Seller is Newegg,"2 x SFF-8654 SlimSAS connectors, x8 PCIe 4.0, interface Low profile, half-length x8 PCIe Gen 4.0 adapter Connect up to 240 SAS/SATA devices or 32 NVMe devices Hardware Secure Boot and SPDM Attestation support SMART monitoring Drive temperature monitoring SafeStore key management for attached SEDs Universal Bay Management (UBM) Ready"
https://www.newegg.com/logitech-z407-wired-with-bluetooth-wireless/p/N82E16836121262,"Logitech Z407 Bluetooth Computer Speakers with Subwoofer and Wireless Control, Immersive Sound, Premium Audio with Multiple Inputs, USB Speakers",114.99$,4 out of 5,Seller is Newegg,"IMMERSIVE SOUND – Expertly tuned speaker system features 80W Peak power / 40W RMS. Experience immersive, lifelike sound—from crisp high notes to powerful mid, low-range notes—with no compromises on the rich, deep bass. STRONG BASS WITH CLARITY – 20-watt bass with digital signal processing produces deep yet clear bass and superior sound performance. The ported, down-firing subwoofer adds “boom” to music, movies, and gaming. ONE DIAL FOR TOTAL WIRELESS CONTROL – With a 30 m line of sight range, dial in and control your sound wirelessly with virtually no delays from across the room. Tap it and spin it to play, pause, control volume and bass. DUAL-POSITION SPEAKERS – Sleek, oval-shaped satellite speakers come in a refined graphite gray. Lay them vertically or horizontally. Move and curate to fit your aesthetic preference."
https://www.newegg.com/amd-epyc-9015-socket-sp5/p/N82E16819113866,AMD EPYC 5th Gen 9005 Series (Eight-Core) 8 Core-  Model 9015 AMD - EPYC - Processor / Number: 9015 - Processor / Clock Speed: 3.6 - Total Threads: 16 - Socket SP5 - L3 Cache - 64MB Memory - OEM,584.99$,5 out of 5,Seller is Newegg,"The processor features Socket SP5 socket for installation on the PCB EPYC product line processor for your convenience and optimal usage 64 MB of L3 cache memory offers great system performance and avoids interruptions while executing complex and critical tasks Octa-core (8 Core) processor core efficiently handles data to ensure quicker transfer of information with maximum usability Processor with 3.60 GHz clock speed for faster, efficient execution of cycles per second to ensure maximum usability"
https://www.newegg.com/asrock-rack-genoad8ud-2t-x550-amd-epyc-9004-series/p/N82E16813140098,AsRock Rack GENOAD8UD-2T/X550 Deep Micro-ATX Server Motherboard Single Socket SP5 (LGA 6096) AMD EPYC™ 9004 series processors Dual 10G Lan,786.00$,5 out of 5,Seller is Newegg,"Deep Micro-ATX (10.4"" x 10.5"") Support single socket SP5 (LGA 6096), AMD EPYC™ 9004 series processors Support 8 DIMM slots (1DPC), DDR5 RDIMM, RDIMM-3DS Support 4 PCIe5.0 / CXL1.1 x16 Support 2 MCIO (PCIe5.0 x8 or 8 SATA 6Gb/s), 2 MCIO (PCIe5.0 x8), 1 MCIO (PCIe5.0 x4) Support 2 M.2 (PCIe4.0 x4) Support up to 16 SATA 6Gb/s Support 2 RJ45 (10GbE) by Intel® X550-AT2 Support ATX PSU or 12V DC-IN Remote Management (IPMI)"
https://www.newegg.com/razer-ornata-v3-mecha-membrane-black/p/N82E16823114115,Razer Ornata V3 Gaming Keyboard: Low-Profile Keys - Mecha-Membrane Switches - UV-Coated Keycaps - Backlit Media Keys - 10-Zone RGB Lighting - Spill-Resistant - Magnetic Wrist Wrest - Classic Black,49.00$,4.1 out of 5,Seller is Newegg,"Low-Profile Keys: With slimmer keycaps and shorter switches, enjoy natural hand positioning that allows for long hours of use with little strain Mecha-Membrane Switches: Fusing the snappy, clicky feedback of a mechanical switch with the familiar feel of a conventional keyboard, each keystroke is as satisfying as it is precise UV-Coated Keycaps: More durable than regular keycaps, the UV coating ensures more fade-resistant legends and greater protection against wear and tear from frequent use Backlit Dedicated Media Keys: Configure them to pause, play, skip and adjust everything from brightness to volume for ultimate convenience Magnetic Soft-Touch Wrist Rest: Designed to seamlessly snap to the keyboard, the soft-touch wrist rest provides ample comfort and support for your wrists 10-Zone Razer Chroma RGB Lighting: With 16.8 million colors and a suite of effects to choose from, personalize the keyboard and get access to dynamic lighting effects for hundreds of Chroma-integrated games"
https://www.newegg.com/tp-link-archer-a6-v3-ieee-802-11ac-n-a-5-ghz-ieee-802-11b-g-n-2-4-ghz/p/N82E16833704585,"TP-Link AC1200 Wireless MU-MIMO Gigabit Router (Archer A6)- Dual Band MU-MIMO Wireless Internet Router, 4 x Antennas, OneMesh and AP Mode, Long Range Coverage",39.99$,4.6 out of 5,Seller is Newegg,AC1200 Dual-Band Wi-Fi – 867 Mbps at 5 GHz and 400 Mbps at 2.4 GHz band MU-MIMO Technology – Simultaneously transfers data to multiple devices for 2× faster performance Boosted Coverage – Four external antennas equipped with Beamforming technology extend and concentrate the Wi-Fi signals Access Point Mode –Supports AP Mode to transform your wired connection into the wireless network Easy Setup – Set up your Wi-Fi in minutes with the TP-Link Tether app.
https://www.newegg.com/sonicwall-02-ssc-1874/p/22Z-002K-00AC5,SONICWALL SFP+ 10GBASE-T TRANSCEIVER Copper RJ45 Module,$,No Rating,Seller is e-ITstore,SONICWALL SFP+ 10GBASE-T TRANSCEIVER COPPER RJ45 MODULE
https://www.newegg.com/ubiquiti-networks-usw-pro-48-gbe-rj45-ports-1-10g-sfp-ports/p/0XP-0068-00031,Ubiquiti Pro 48 (USW-Pro-48),179.99$,4.8 out of 5,Seller is Newegg,"A 48-port, Layer 3 switch supporting 10G SFP+ connections with fanless cooling. (48) GbE ports (4) 10G SFP+ ports DC power backup-ready Layer 3 switching Silent cooling"
https://www.newegg.com/asrock-rack-bergamod8-2l2t-supports-amd-epyc-9004-and-97x4-series-processors/p/N82E16813140142,ASRock Rack Server Motherboard BERGAMOD8-2L2T CEB Single Socket SP5 (LGA6096) AMD EPYC™ 9004,769.00$,No Rating,Seller is Newegg,"CEB (12"" x 10.5"") Support single Socket SP5 (LGA 6096), AMD EPYC™ 9004 (with AMD 3D V-Cache™ Technology) and 97x4 series processors Support 8 DIMM slots (1DPC), DDR5 RDIMM, RDIMM-3DS Support 2 PCIe5.0 / CXL1.1 x16, 2 PCIe5.0 x16, 2 PCIe5.0 / CXL1.1 x8 Support 1 MCIO (PCIe5.0 x8 or 8 SATA 6Gb/s), 4 MCIO (PCIe5.0 x8 ) Support 2 M.2 (PCIe5.0 x4 or SATA 6Gb/s) Support up to 10 SATA 6Gb/s Support 2 RJ45 (10GbE) by Intel® X710-AT2 Support 2 RJ45 (1GbE) by Intel® i210 Remote Management (IPMI)"
https://www.newegg.com/msi-radix-axe6600-ieee-802-11a-b-g/p/N82E16833158032,"MSI RadiX AXE6600 WiFi 6E Tri-Band Gaming Router  support 2.5GHz/5GHz/6GHz, AI QoS support",129.99$,4 out of 5,Seller is Newegg,"WiFi 6E utilizes seven high-speed 160MHz channels on the new 6 GHz spectrum* that tremendously increase network capacity while mitigating congestion and interference. 2.4GHz + 5GHz + 6GHz - Latest WiFi 6E supports 8-streams on tri-band simultaneously, up to 6.6Gbps speed Powerful processor - 1.8 GHz quad-core processor delivers ultra fast and reliable connections Game accelerator - Provides an uninterrupted WiFi connection for immersive gaming experiences AI QoS - Satisfies all users’ needs by automatically prioritizing data packets Premium cooling - System stays cooler and stable with a heatsink and heat pipes Mystic light - Sync RGB light effects with Mystic light compatible products Can connect up to 60 devices"
https://www.newegg.com/visiontek-radeon-rx-550-901507/p/N82E16814129429,VisionTek Radeon RX 550 4GB GDDR5 PCI Express 3.0 x8 Graphics Card 901507,183.58$,No Rating,Seller is Technology Galaxy,4GB GDDR5 4 x Mini DisplayPort PCI Express 3.0 x8
https://www.newegg.com/black-istarusa-s-915/p/N82E16811165596,"iStarUSA S-915 Black Aluminum / Steel Tower Compact Stylish mini-ITX Tower 5 External 5.25"" Drive Bays",179.99$,3.5 out of 5,Seller is Newegg,"5 External 5.25"" Drive Bays 1 80mm Fans"
https://www.newegg.com/istarusa-tc-1u30fx8-300w-flex-atx-atx12v/p/N82E16817147101,iStarUSA TC-1U30FX8 20+4Pin 300W Single 1U Flex ATX 80 Plus High Efficiency Power Supply,99.99$,5 out of 5,Seller is PlatinumMicro,300W Single 20+4Pin 1 Fans
https://www.newegg.com/black-supermicro-cse-836ba-r920b/p/N82E16811152560,SUPERMICRO SuperChassis CSE-836BA-R920B Black 3U Rackmount Server Case 920W Redundant 80PLUS Platinum,1227.99$,3.8 out of 5,Seller is Newegg,"920W Redundant 80PLUS Platinum 16 x 3.5"" SAS/SATA Hot-Swap Drive Bays 5 80mm Fans"
https://www.newegg.com/intel-xeon-w5-2555x-lga-4677/p/N82E16819118521,Intel Xeon w5-2555X Tetradeca-core (14 Core) 3.30 GHz Processor - OEM Pack - Box - 33.75 MB L3 Cache - 64-bit Processing - 4.80 GHz Overclocking Speed - Socket LGA-4677 - Intel vPro Tech -BX807132555X,1179.99$,No Rating,Seller is Newegg,"The processor features Socket LGA-4677 socket for installation on the PCB 33.75 MB of L3 cache memory provides excellent hit rate in short access time enabling improved system performance Tetradeca-core (14 Core) processor core allows multitasking with great reliability and fast processing speed Processor with 3.30 GHz clock speed for faster, efficient execution of cycles per second to ensure maximum usability Intel Xeon processor offers great stability when you are dealing with 3D rendering software or playing games. Integrated ECC-memory reduces the chance of critical system crashes."
https://www.newegg.com/intel-xeon-6505p-fclga-4710/p/N82E16819118590,Intel Xeon 6 -  6505P 2.2 GHz FCLGA 4710 48MB L3 Cache Granite Rapids Hyper-Threading Support Cooling device not included - Processor Only -PK8072006398700 - OEM,639.00$,No Rating,Seller is Newegg,Total Cores 12 Total Threads 24 Max Turbo Frequency 4.10 GHz All Core Turbo Frequency 3.9 GHz Processor Base Frequency 2.20 GHz Cache 48 MB Intel® UPI Speed24 GT/s Max # of UPI Links 3 TDP 150 W
https://www.newegg.com/tp-link-archer-ax21-ieee-802-11ax-ac-n-a-5-ghz-ieee-802-11ax-n-b-g-2-4-ghz/p/0E6-002W-006B5,"TP-Link WiFi 6 Router AX1800 Smart WiFi Router (Archer AX21) - Dual Band Gigabit Router, Works with Alexa",59.99$,4.6 out of 5,Seller is Newegg,"JD Power Award - Highest in customer satisfaction for wireless routers 2017 and 2019 Certified for Humans - Smart home made easy for non-experts. Setup with Alexa is simple Dual-Band WiFi 6 Internet Router: Wi-Fi 6(802. 11ax) technology achieves faster speeds, greater capacity and reduced network congestion compared to the previous generation Next-Gen 1.8 Gbps Speeds: Enjoy smoother and more stable streaming, gaming, downloading and more with WiFi speeds up to 1. 8 Gbps (1200 Mbps on 5 GHz band and 574 Mbps on 2. 4 GHz band) Connect more devices: Wi-Fi 6 technology communicates more data to more devices simultaneously using revolutionary OFDMA technology Extensive Coverage: Achieve the strong, reliable WiFi coverage with Archer AX1800 as it focuses signal strength to your devices far away using Beamforming technology, 4 high-gain antennas and an advanced front-end module (FEM) chipset Powerful Quad-Core Processing For Minimal Latency: The powerful 1. 5 GHz quad-core CPU ensures"
https://www.newegg.com/black-logitech-h540/p/N82E16826104783,"Logitech High-performance USB Headset H540 for Windows and Mac, Skype Certified",69.99$,3.7 out of 5,Seller is MyOfficeInnovations,"High-quality, premium headset brings your PC calls and music to life Easy plug-and-play USB Connection Laser-tuned drivers and a built-in EQ deliver superior, unrivaled Audio quality and rich bass Volume and bass level control as well as the ability to instantly mute the mic Soft, padded leatherette headband and earcups feel good even after hours of listening Premium headset for PC calls and music: High-performance laser-tuned drivers and built-in EQ for precision audio Plug-and-play USB connection: Instantly enjoy music, movies and calls in rich digital stereo sound Rotating boom microphone: Reduces background noise for clear chats, rotates up and hides away when you’re listening to music On-ear controls and mute indicator light: Easy to adjust volume, mute the microphone and see when the mic is muted Ultra-comfortable design: Soft, padded leatherette headband and ear cups feel good even after hours of listening"
https://www.newegg.com/lantronix-ud11000p0-01-device-servers/p/N82E16833995053,Lantronix UD11000P0-01 UDS1100 Device Server with PoE,216.99$,No Rating,Seller is Newegg,UD11000P0-01 Device Servers Black
https://www.newegg.com/p/2AN-001M-005U6,DELL R156J  Sliding Ready Rail For Poweredge R610-R156J,76.99$,No Rating,Seller is Newegg,"Dell - Sliding Ready Rail For Poweredge R610.Part Number: R156JKey Feature:Type: Rail Kit.Weight5.1Height1Width1Length1"""
https://www.newegg.com/tp-link-tx401/p/375-0094-000D2,"TP-Link 10Gbps PCIe Network Card (TX401) - PCIe to 10 Gigabit Ethernet Network Adapter, Supports Windows 10/8.1/8/7, Windows Servers 2019/2016/2012 R2, and Linux, Including a CAT6A Ethernet Cable",99.99$,4.6 out of 5,Seller is Newegg,"10 Gbps PCIe Network Card: With the latest 10GBase-T Technology, TX401 delivers extreme speeds of up to 10 Gbps, which is 10x faster than typical Gigabit adapters, guaranteeing smooth data transmissions for both internet access and local data transmissions Versatile Compatibility: With extreme speed and ultra-low latency, 10GBase-T is backwards compatible with multiple data rates (10 Gbps, 5 Gbps, 2.5 Gbps, 1 Gbps, 100 Mbps), automatically negotiating between higher and lower speed connections QoS: Quality of Service technology delivers prioritized performance for gamers and ensures to avoid network congestion for PC gaming Free CAT6A Ethernet Cable: To maximize TX401's performance, a 1.5 m CAT6A Ethernet Cable is included-rated for up to 10 Gbps while a regular cable is only rated for 1 Gbps Low-Profile and Full-Height Brackets: In addition to the standard bracket, a low-profile bracket is provided for mini tower computer cases"
https://www.newegg.com/asus-dual-rtx3050-o6g-nvidia-geforce-rtx-3050-6gb-gddr6/p/N82E16814126708,"ASUS Dual NVIDIA GeForce RTX 3050 6GB OC Edition Gaming Graphics Card - PCIe 4.0, 6GB GDDR6 Memory, HDMI 2.1, DisplayPort 1.4a, 2-slot Design, Axial-tech Fan Design, 0dB Technology, DUAL-RTX3050-O6G",179.99$,3.7 out of 5,Seller is Newegg,"NVIDIA Ampere Streaming Multiprocessors: The all-new Ampere SM brings 2X the FP32 throughput and improved power efficiency. 2nd Generation RT Cores: Experience 2X the throughput of 1st gen RT Cores, plus concurrent RT and shading for a whole new level of ray-tracing performance. 3rd Generation Tensor Cores: Get up to 2X the throughput with structural sparsity and advanced AI algorithms such as DLSS. These cores deliver a massive boost in game performance and all-new AI capabilities. Axial-tech fan design features a smaller fan hub that facilitates longer blades and a barrier ring that increases downward air pressure. A 2-slot Design maximizes compatibility and cooling efficiency for superior performance in small chassis. 0dB Technology lets you enjoy light gaming in relative silence. A stainless steel bracket is harder and more resistant to corrosion."
https://www.newegg.com/prolimatech-pro-pk3-30g/p/N82E16835242026,Prolimatech PRO-PK3-30G Nano Aluminum High-Grade Thermal Compound in 30 Gram,39.99$,4.8 out of 5,Seller is Prolimatech,"High Thermal Conductivity Low Thermal Resistance Long-Term Stability Low Dry-Out Non-Corrosive Electrically Non-Conductive No ""burn-in"" time required"
https://www.newegg.com/startech-com-st2gpex/p/N82E16833114426,"StarTech.com 1 Port 2.5Gbps 2.5GBASE-T PCIe Network Card x1 PCIe - Windows, MacOS & Linux - PCI Express LAN Card - RTL8125 (ST2GPEX)",87.99$,No Rating,Seller is Newegg,"Multi-Gigabit Ethernet connectivity with four network speeds: 2.5G, 1G, 100Mbps, 10Mbps Compatible with both 2.5GBASE-T and NBASE-T specifications Supports 2.5Gbps network speeds on CAT5e cabling and CAT6a IEEE 802.3az and IEEE802.3u compliant energy efficient Realtek™ RTL8125 chipset Flexible installation with both standard and low-profile brackets included"
https://www.newegg.com/black-apricorn-aegis-padlock-dt-4tb/p/N82E16822161170,APRICORN Aegis Padlock DT 4TB USB 3.0 External Hard Drive ADT-3PL256-4000 Black,323.13$,No Rating,Seller is NothingButSavings,ADT-3PL256-4000 USB 3.0
https://www.newegg.com/p/13C-0005-002Y6,"Noctua NH-D15S chromax.Black, Premium Dual-Tower CPU Cooler with NF-A15 PWM 140mm Fan (Black)",129.95$,5 out of 5,Seller is Noctua Cooling Solutions,"Proven premium heatsink (more than 150 awards and recommendations from international hardware websites), now available in an all-black design that goes great with many colour schemes and RGB LEDs Asymmetrical, single-fan design for dual-tower performance with high compatibility: 160mm height fits most tower cases, 65mm RAM clearance, does not block the PCIe slot on most ATX & Micro-ATX boards Renowned, award-winning NF-A15 140mm fan with Low-Noise Adaptor and PWM for automatic speed control: full cooling performance under load, whisper quiet at idle! Includes high-end NT-H1 thermal paste and SecuFirm2 mounting system for easy installation on Intel LGA1851, LGA1700, LGA1200, LGA115x and AMD AM5 & AM4 Renowned Noctua quality backed up by 6-year manufacturer’s warranty, deluxe choice for Intel Core & Core Ultra (e.g. 285K, 265K, 245K) and AMD Ryzen (e.g. 9950X, 9900X, 9700X, 9600X)"
https://www.newegg.com/1tb-wd10spsx-black/p/1Z4-0002-017H9,WD Black 1TB Hard Drive - 7200 RPM SATA 6Gb/s 64MB Cache 2.5 Inch - WD10SPSX,55.99$,4.7 out of 5,Seller is TechDream Labs,"Specifically designed for small form factor desktops, laptops, and Mac computers Performance 2.5-inch hard drives available in up to 1TB capacities Designed for creative professionals, gamers, and system builders An industry-leading 5-year limited warranty"
https://www.newegg.com/netgear-rs500/p/N82E16833222342,"Nighthawk WiFi 7 Router RS500, 12Gbps (RS500-100NAS)",349.99$,4.3 out of 5,Seller is Newegg,"Unlock new levels of performance with pristine 8K streaming, video conferencing, and immersive gaming with real-time responsiveness. Leverage the power of WiFi 7 for speeds up to 12Gbps at 2.4x faster than WiFi 6 and 320MHz high-capacity channels for up to 120 devices. The Nighthawk® RS500 WiFi 7 Tri-band Router offers 3 bands of WiFi, including the ultra-fast 6GHz band for peak performance with less interference from neighboring networks. The high-performance antenna design provides up to 3,000 sq. ft. WiFi coverage, and you can connect your high-demand devices to the 2.5Gig LAN port and three 1Gig LAN ports for ultra-fast wired speed. WiFi 7 from the Leader in WiFi Innovation— Nighthawk WiFi 7 is built on 25+ years of pioneering innovation and precision engineered to NETGEAR’s exacting quality standards, so you can enjoy all the benefits WiFi 7 has to offer."
https://www.newegg.com/startech-com-et1000s40lc2/p/N82E16833114064,StarTech.com 1000 Mbps Gigabit Single Mode Fiber Media Converter LC 40km,378.99$,No Rating,Seller is Newegg,"Attach multiple devices together or expand the number of devices connected to your existing network by using 2 transceiver/media converter Expand your network capacity and fulfill requirement with this 2 transceiver/media converter With 1000Base-T technology get up to 1000Mbps data transfer rate over twisted pair cable Desktop installation makes it ideal for deployments outside the wiring closet With Twisted Pair cable, get the desired data transfer rate up to a required distance"
https://www.newegg.com/p/N82E16824027362,"Samsung 49"" Odyssey G9 G91F DQHD 144Hz Gaming Monitor",2399.99$,No Rating,Seller is Newegg,"Samsung's 49"" Odyssey G9 Curved Gaming Monitor with a 1000R curved display creates an immersive panoramic gaming experience. Curved Dual QHD features an ultra-wide 32:9 screen, equivalent to two side-by-side 16:9 monitors, providing a full view with unsurpassed details. VESA DisplayHDR 600 delivers more contrast with deeper blacks and brighter whites. 144Hz Refresh Rate and near-instant 1ms Response Time (GtG) captures all your moves with reduced lag for ultra-smooth gameplay. AMD FreeSync Premium Pro and VRR (variable refresh rate) reduce choppiness, screen lag, and image tears, even for the most intense fast-action gaming sessions. Picture-by-Picture enables a split screen that can be used to its maximum potential for side-by-side gameplay, while Picture-in-Picture allows seamless multitasking to manage all content on a single screen. Auto Source Switch+ instantly switches to a new source signal when connected devices are turned on, without having to use multiple inputs."
https://www.newegg.com/black-istarusa-d-200/p/N82E16811165403,"iStarUSA D-200 Black Material of Front Bezel: Aluminum alloy Material of Handle: SECC Zinc-Coated Steel Material of Main Chassis: 1.2mm SECC Zinc-Coated Steel (Japan Made) 2U Rackmount Compact Stylish Chassis - Black Bezel 2 External 5.25""",189.99$,4.7 out of 5,Seller is Newegg,Aluminum Front Panel with Locks Front Access 2 x USB2.0 80mm x1 cooling fan Removable Air Filter Power and HDD LED Power and Alarm Reset Switch I/O shield
https://www.newegg.com/zotac-gaming-geforce-rtx-5070-ti-solid-sff-oc-nvidia-16gb-gddr7/p/N82E16814500607,ZOTAC SOLID SFF OC GeForce RTX 5070 Ti 16GB 256-Bit GDDR7 DLSS 4.0 PIC-Express 5.0 Graphics Card ZT-B50710J3-10P,979.99$,5 out of 5,Seller is Newegg,16GB 256-Bit GDDR7 Boost Clock 2482 MHz 1 x HDMI 2.1b 3 x DisplayPort 2.1b 8960 Cores CUDA Cores PCI Express 5.0 x16
https://www.newegg.com/color-kyocera-dr221cl-imaging-drums-and-photoconductors/p/N82E16828113836,Brother DR221CL Drum Unit Set,139.49$,No Rating,Seller is Newegg,"Cyan, Yellow, Magenta, Black Drum Unit Set Model #: DR-221CL 4 Cartridge Pack Approx page yield per cartridge: 15000 Compatible with: Brother HL-3140CW, HL-3170CDW, HL-3180CDW, MFC-9130CW, MFC-9330CDW, MFC-9340CDW To be used with toner cartridges: TN221BK, TN221C, TN221M, TN221Y, TN225C, TN225M, TN225Y Toner Cartridges not included"
https://www.newegg.com/creative-sbs-e2900-wired-with-bluetooth-wireless-2-1/p/N82E16836116216,"Creative SBS E2900 2.1 Powerful Bluetooth Speaker System with Subwoofer, 3.5 mm AUX-in, SD Playback, FM Radio, USB MP3, for TVs and Computers",99.99$,3.5 out of 5,Seller is Newegg,"2.1 POWERFUL SPEAKER SYSTEM WITH FAR-FIELD DRIVERS - Offers stunning and loud audio performance with 60W RMS and up to 120W Peak power FRONT-FIRING SUBWOOFER FOR GREAT BASS - Hear the roar of the bass as the front-firing MDF subwoofer delivers deep, rumbling bass during your intense, action-packed stay-in movie nights VARIOUS CONNECTIVITY OPTIONS – Features the latest Bluetooth 5.0 technology for high-quality wireless streaming, built-in analog FM tuner to listen to your favorite radio DJs, SD card slot for your own curated list of songs, USB flash drive with the built-in MP3 player via plug-and-play, and 3.5 mm AUX-in port for wired analogue connectivity to your computer, TV, and more CONVENIENT CONTROL BUTTONS WITH REMOTE CONTROL – Easily access music playback and volume control directly from the system’s front-facing control buttons BACKLIT LED – The SBS E2900 is designed with beautiful backlit-LED that features passionate hues of purple, red, and blue"
https://www.newegg.com/broadcom-megaraid-9670w-16i-sata-sas/p/N82E16816125029,Broadcom MegaRAID 9670W-16i - Storage controller (RAID) - 16 Channel - SATA 6Gb/s / SAS 24Gb/s / PCIe 4.0 (NVMe)   05-50113-00,1403.99$,No Rating,Seller is Newegg,"RAID 0, RAID 1, RAID 5, RAID 6, RAID 10, RAID 50, RAID 60"
https://www.newegg.com/amd-epyc-4564p-socket-am5/p/N82E16819113829,AMD EPYC 4004 (4th Gen) 4564P Hexadeca-core (16 Core) 4.50 GHz Processor - 64 MB L3 Cache - 64-bit Processing - 5.70 GHz  Server / Workstation Processor 100-100001476WOF.,699.99$,5 out of 5,Seller is Newegg,"AMD EPYC 4564P - 4004 Series The processor features Socket AM5 socket for installation on the PCB EPYC product line processor for your convenience and optimal usage 64 MB of L3 cache memory offers great system performance and avoids interruptions while executing complex and critical tasks Hexadeca-core (16 Core) processor core efficiently handles data to ensure quicker transfer of information with maximum usability Processor with 4.50 GHz clock speed for quick and dependable processing of data to ensure maximum productivity 4th Gen processor generation offer more threads, higher clocks, thus giving an optimal and faster system performance"
https://www.newegg.com/ubiquiti-usw-pro-24-poe-24-x-rj45-2-x-sfp/p/0XP-000A-00472,Ubiquity Pro 24 PoE (USW-Pro-24-POE) (400W),699.00$,4.8 out of 5,Seller is Newegg,"A 24-port, Layer 3 switch capable of high-power PoE++ output. (16) GbE PoE+, (8) GbE PoE++ ports (2) 10G SFP+ ports 400W total PoE availability DC power backup-ready Layer 3 switching Near-silent cooling"
https://www.newegg.com/black-hp-cb388a-maintenance-kit/p/N82E16828999193,HP 110V User Maintenance Kit for Mono Laserjet P4014/P4015/P4510(CB388A),245.00$,2.3 out of 5,Seller is Express Toner Outlet,Maintain optimal performance for your printer with original HP replacement parts Maintain the same high print quality throughout the life of your printer
https://www.newegg.com/amd-epyc-9684x-socket-sp5/p/N82E16819113889,AMD EPYC 9004 (4th Gen) 9684X Hexanonaconta-core (96 Core) 2.55 GHz Processor - OEM Pack - 1.13 GB L3 Cache - 64-bit Processing - 3.70 GHz Overclocking Speed - 5 nm - 100-000001254 - OEM,10799.99$,No Rating,Seller is Newegg,"AMD EPYC 9684X 96-Core 2.55GHz 1152MB ""UNLOCKED"" SP5 400W Processor Retail Part #: 100-000001254"
https://www.newegg.com/amd-epyc-4564p-socket-am5/p/N82E16819113828,AMD EPYC 4004 (4th Gen) 4564P Hexadeca-core (16 Core) 4.50 GHz Processor - OEM Pack - 64 MB L3 Cache - 64-bit Processing - 5.70 GHz Overclocking Speed - Socket AM5 - 170 W - 32 Threads 100-000001476 - OEM,599.99$,5 out of 5,Seller is Newegg,"The processor features Socket AM5 socket for installation on the PCB EPYC product line processor for better reliability and ensure maximum productivity 64 MB of L3 cache memory offers great system performance and avoids interruptions while executing complex and critical tasks Hexadeca-core (16 Core) processor core allows multitasking with great reliability and fast processing speed Processor with 4.50 GHz clock speed for faster, efficient execution of cycles per second to ensure maximum usability 4th Gen processor generation deliver extraordinary performance upgrades for enhanced productivity and stunning entertainment"
https://www.newegg.com/black-istarusa-d-313ase-matx/p/N82E16811165513,"iStarUSA D-313ASE-MATX Black Aluminum 3U Rackmount Compact microATX Chassis 2 External 5.25"" Drive Bays",116.99$,4 out of 5,Seller is Newegg,"2 x External 5.25"" Drive Bay 1 x External 3.5"" Drive Bay 4 x Internal 3.5"" Drive Bay"
https://www.newegg.com/black-istarusa-d-400-6-nd/p/N82E16811165065,"iStarUSA D-400-6-ND Black 1.2mm SECC Zinc-Coated Steel 4U Rackmount Compact Stylish Chassis 6 External 5.25"" Drive Bays",209.00$,4.6 out of 5,Seller is Newegg,"6 External 5.25"" Drive Bays 1 80mm Fans"
https://www.newegg.com/asus-ebr63-ieee-802-11a-ieee-802-11b-ieee-802-11g-wifi-4-wifi-5-wifi-6-ipv4-ipv6/p/N82E16833320586,"ASUS ExpertWiFi EBR63 AX3000 WiFi 6 Business Router - Custom Guest Portal & SDN, Easy Setup and Remote Management, Scalable with ExpertWiFi AiMesh, Free Commercial-grade Network Security & VPN, VLAN, backup WAN",149.99$,5 out of 5,Seller is Newegg,"Separate and Secure Usage - Up to five SSIDs to separate and prioritize devices for different business scenarios. Customizable Guest Portal - Customize the SSID, portal type, brand name and templates to fit your business style. Backup WAN for Stable Connectivity - The USB port can be used as a backup WAN by connecting it to a mobile phone with hotspot to maintain a reliable internet connection Enterprise-grade Network Security - Receive a free subscription to ASUS AiProtection Pro and safe browsing features to secure your WiFi environment. Easy management - The all-in-one ASUS ExpertWiFi app provides easy setup and hassle-free management of your WiFi network. Accommodate Any Space - The EBR63 comes with a built-in bracket and wall mount hole that can be adjusted to fit into almost any location for space-saving and more flexibility"
https://www.newegg.com/noctua-chromax-black-swap-case-fan/p/1YF-000T-000D8,"Noctua NF-F12 PWM chromax.black.swap, Premium Quiet Fan, 4-Pin (120mm, Black)",26.95$,4.8 out of 5,Seller is Noctua Cooling Solutions,"Premium quiet fan, 120x120x25mm, 12V, 4-pin PWM, max. 1500 RPM, max. 22.4 dB(A), >150,000 h MTTF Award-winning NF-F12 design has received more than 100 recommendations from international hardware websites and magazines Focused Flow frame for outstanding static pressure performance, ideal for use on heatsinks and radiators 4-pin PWM version for automatic speed control via 4-pin PWM fan headers, 1500rpm maximum speed chromax.black.swap edition with all-black design and swappable red, black, white, blue, yellow and green anti-vibration pads for colour-customising"
https://www.newegg.com/black-istarusa-d-400l-7/p/N82E16811165417,"iStarUSA D-400L-7 Black Aluminum / Steel 4U Rackmount High Performance Chassis - Black Bezel 7 External 5.25"" Drive Bays",251.99$,4.8 out of 5,Seller is Newegg,"7 External 5.25"" Drive Bays 1 80mm Fans 3 120mm Fans"
https://www.newegg.com/bytecc-bracket-35225-1-x-3-5-drive-to-2-x-2-5-bay/p/N82E16817994085,"BYTECC Bracket-35225 2.5"" HDD/SSD Mounting Kit For 3.5"" Drive Bay or Enclosure",15.99$,4.2 out of 5,Seller is Newegg,"Supported Form Factor: 3.5"" to 2.5"" Bays: 2 x internal 2.5"" Compatible Bays: 1 x internal 3.5"""
https://www.newegg.com/asrock-phantom-gaming-rx7900xtx-pg-24go-amd-radeon-rx-7900-xtx-24gb-gddr6/p/N82E16814930081,ASRock Phantom Gaming Radeon RX 7900 XTX 24GB GDDR6 PCI Express 4.0 ATX Graphics Card RX7900XTX PG 24GO,999.99$,4.3 out of 5,Seller is Newegg,Polychrome SYNC Phantom Gaming 3X Cooling System Stylish Metal Backplate Air Deflecting Fin Ultra-fit Heatpipe Striped Ring Fan 0dB Silent Cooling
https://www.newegg.com/asus-rog-azoth-moonlight-mechanical-keyboard-rog-nx-snow-mechanical-switches/p/N82E16823193145,"ASUS ROG Azoth 75 Wireless DIY Custom Gaming Keyboard, OLED display, Gasket-Mount, Three-Layer Dampening, Hot-Swappable Pre-lubed ROG NX Snow Switches & Keyboard Stabilizers, PBT Keycaps, RGB - White",149.99$,4.5 out of 5,Seller is Newegg,Unique gasket mount design: Silicone gasket mount with three layers of dampening foams combine to provide an unrivaled typing experience Unique gasket mount design: Silicone gasket mount with three layers of dampening foams combine to provide an unrivaled typing experience OLED display and intuitive controls: View system info and keyboard settings at a glance; built-in three-way knob allows for quick settings adjustment Hot-swappable switches: Pre-lubed NX Snow linear switches and ROG NX Storm clicky switches with walled stem design to enhance keystroke stability and are tuned for great acoustics Enhanced typing experience: Pre-lubed keyboard stabilizers produce less friction for smoother keystrokes and stability for longer keys; durable ROG PBT doubleshot keycaps offer a premium feel and shine resistance Switch lube kit: Bundled essentials including Krytox™ GPL-205-GD0 lubricant to get beginners started on keyboard DIY Ergonomic design MacOS support
https://www.newegg.com/supermicro-cse-743ac-1k26b-sq-black/p/N82E16811152680,SUPERMICRO SuperChassis CSE-743AC-1K26B-SQ Black 4U Tower Server Case 1200W,727.99$,No Rating,Seller is Newegg,"1200W 8 x 3.5""/2.5"" hot-swap SAS drive bay with SES3 Hot-Swap Drive Bays 2 x 80mm PWM Chassis Middle Fans 80mm Fans 1 x 92mm PWM Rear fan(s) 90mm Fans"
https://www.newegg.com/matte-black-and-yellow-hp-72-printhead/p/N82E16828104887,HP 72 (C9384A) Printhead For HP Designjet T610 and T1100 printers Matte Black and Yellow,108.00$,No Rating,Seller is Newegg,Printhead Matte Black and Yellow For HP Designjet T610 and T1100 printers
https://www.newegg.com/logitech-pro-x-superlight-2-910-006636-usb-type-c-2-4ghz-wired/p/N82E16826197630,"Logitech G PRO X Superlight 2 Lightspeed Wireless Gaming Mouse, Lightweight, LIGHTFORCE Hybrid Switches, Hero 2 Sensor, 32,000 DPI, 5 Programmable Buttons, USB-C Charging, PC & Mac - White",179.99$,4.5 out of 5,Seller is Newegg,"Fast and Precise Wireless Gaming Mouse: A pro gaming icon—now faster and more precise; it is designed in collaboration with the world’s leading esports pros and engineered to win Pro Precision: LIGHTFORCE hybrid optical-mechanical switches enable pro-level precision, reliability and ultralow latency optical actuation with a crisp, tactile click Most Advanced Optical Sensor in Gaming: HERO 2 features tracking over 500+ IPS, up to 32,000 DPI and precise sensor calibration with zero smoothing, acceleration or filtering Better Performance: Our championship-winning, wireless mouse—made even better; now with 2K polling, USB-C charging, 95-hour battery life and POWERPLAY compatibility all at 60g Zero-Additive PTFE Mouse Feet: Command a smooth glide and seamless connection to your game with Zero-additive PTFE mouse feet Command a smooth glide and seamless connection to your game with Zero-additive PTFE mouse feet"
https://www.newegg.com/blue-startech-10-ft-others/p/N82E16812200609,StarTech.com N6PATCH10BL Cat6 Ethernet Cable - 10 ft - Blue - Patch Cable - Snagless Cat5 Cable - Network Cable - Ethernet Cord - Cat 6 Cable - 10ft,390.99$,4.6 out of 5,Seller is Newegg,10ft Blue CAT6 Ethernet cable w/ 100% copper Multi Gigabit 1/2.5/5Gbps and 10Gbps up to 160ft|Fluke patch cord tested to comply w/ ANSI/TIA-568-2.D Category 6 24 AWG stranded copper conductors|Up to 100W for PoE applications|IEEE 802.3bt and DTE power compliance|Built w/ ETL and UL verified wire (E132276-A)|650Mhz Rated|ANSI/TIA-568-B wiring|10 foot 50-micron gold-plated RJ45 connectors stop rust/corrosion Snagless UTP network cable is easily pulled through wiring conduits
https://www.newegg.com/corsair-cp-9020261-na-1500-w-80-plus-platinum-certified/p/N82E16817139320,CORSAIR HX1500i Fully Modular Ultra-Low Noise ATX Power Supply - ATX 3.0 & PCIe 5.0 Compliant - Fluid Dynamic Bearing Fan - CORSAIR iCUE Software Compatible - 80 PLUS Platinum Efficiency,349.99$,4.5 out of 5,Seller is Newegg,"Fully Modular Cabling: Connect only the cables your system needs, making clean and tidy builds easy. Intel® ATX 3.0 Certified: Compliant with the ATX 3.0 power standard, supporting the PCIe Gen 5 platform and resisting transient power spikes. 140mm Fluid Dynamic Bearing (FDB) Fan: Delivers extremely quiet and long-lasting fan performance. Powerful CORSAIR iCUE Software: Create custom fan curves, monitor power settings, and toggle between single to multi-rail overcurrent protection (OCP) on-the fly. Zero RPM Fan Mode: At low and medium loads the cooling fan switches off entirely for near-silent operation. 80 PLUS Platinum Certified: Up to 92% efficiency for exceptional low power consumption, less noise, and cooler temperatures. 100% Japanese 105°C Electrolytic Capacitors: Premium internal components ensure unwavering power delivery and long-term reliability. Modern Standby Compatible: Extremely fast wake-from-sleep times and better low-load efficiency."
https://www.newegg.com/asrock-rack-altrad8ud-1l2t-q64-22-ampere-altra-max-ampere-altra-processors/p/N82E16813140135,"Asrock Rack Ampere Altra Bundle ALTRAD8UD-1L2T Deep Micro-ATX Server Motherboard Single Socket (LGA 4926) with Ampere Altra M128-26 128 cores & 2U passive cooler, Dual 10G - Integrated by Asrock Rack",2300.00$,3.9 out of 5,Seller is Newegg,"Deep Micro-ATX (9.6"" x 10.5"") CPU: Installed Ampere Altra M128-26, 128 cores Cooler: 2U passive Single Socket (LGA 4926), supports Ampere Altra Max/Ampere Altra processors 8 DIMM slots (1DPC), supports DDR4 288-pin RDIMM, LRDIMM 4 PCIe4.0 x16* 4 SlimSAS (PCIe4.0 x8) 2 OCuLink (PCIe4.0 x4) Supports 2 M.2 (PCIe4.0 x4) 2 RJ45 (10GbE) by Intel® X550 1 RJ45 (1GbE) by Intel® i210 Remote Management (IPMI) Support ATX PSU or 12V DC-IN"
https://www.newegg.com/intel-xeon-w7-2495x-lga-4677/p/N82E16819118454,Intel Xeon w7-2495X Tetracosa-core (24 Core) 2.50 GHz Processor - 45 MB L3 Cache - 64-bit Processing - 4.80 GHz Overclocking Speed - Socket LGA-4677 - 270 W - 48 Threads- BX807132495X,2187.99$,5 out of 5,Seller is Newegg,"The Socket LGA-4677 socket allows processor to be placed on the PCB without soldering 45 MB of L3 cache memory offers great system performance and avoids interruptions while executing complex and critical tasks Tetracosa-core (24 Core) processor core helps processor process data in a dependable and timely manner with maximum productivity Processor with 2.50 GHz clock speed for quick and dependable processing of data to ensure maximum productivity Intel Xeon 2.50 GHz processor offers brilliant performance for video editing, gaming, server hosting, and rendering"
https://www.newegg.com/montech-rx120-argb-pwm-fan-case-fan/p/1YF-00Y5-00014,"Montech RX 120 ARGB Reversed Fan 1600PWM, High-End Durability, Silent Performance, and Stunning ARGB Design (120mm, White)",24.90$,4.5 out of 5,Seller is Newegg,"Elevate your build's aesthetics with the modern hexagonal RGB ring and 20 LEDs, bringing a new level of design aesthetics to your PC. Enjoy smart fan speed adjustments based on your system temperature, thanks to advanced PWM controls that allow you to adjust fan speed from 800RPM to 1600RPM. Enjoy a near-silent operation with optimized frames and blades, with noise levels under 27 dB(A) Invest in high-end durability with our HDB bearing, boasting a lifespan of 40,000 hours Say goodbye to noise caused by resonance phenomena, thanks to the integrated eight-rounded anti-vibration pads that reduce vibration and noise. Gray-colored reversed fan blades for easy differentiation and improved airflow when installed on the side panel, perfect for cases without front-mounted fan options."
https://www.newegg.com/p/2AN-001H-00010,Liebert Step Down Transformer TDU6000RTL630,1578.73$,No Rating,Seller is Hot Deals 4 Less,
https://www.newegg.com/canon-imageformula-p-215ii-sheet-fed/p/N82E16838111094,Canon imageFORMULA P-215II (9705B007AA) 24 bit Contact Image Sensor (CMOS) 600 dpi Sheet Fed Document Scanner,279.00$,3.5 out of 5,Seller is Newegg,Weighs only 2 lbs for a lightweight device Compact and easy to take anywhere Onboard driver bundle is compatible with Windows and Mac operating systems Designed to scan textured and plastic cards like IDs and credit cards Scans 15 two-sided ppm in one pass
https://www.newegg.com/gigabyte-gv-n710d3-2gl-rev2-0-nvidia-geforce-gt-710-2gb-ddr3/p/N82E16814125899,GIGABYTE GeForce GT 710 2GB DDR3 PCI Express 2.0 Low Profile Graphics Card GV-N710D3-2GL REV2.0,49.98$,3.6 out of 5,Seller is SenyTech,2GB 64-Bit DDR3 Core Clock 954 MHz 1 x Dual-link DVI-D 1 x HDMI PCI Express 2.0
https://www.newegg.com/asus-rog-ryuo-iii-360-argb-339-mm-amd-am4-am5-tr4-intel-lga-1700-1200-115x-1366-2011-2011-3-2066/p/N82E16835101090,"ASUS ROG RYUO III 360 ARGB AIO Liquid CPU Cooler 360mm Radiator, Asetek 8th gen pump solution, Anime Matrix LED Display, ROG AF 12S ARGB fan, Intel LGA 1851/1700/1200 & AMD AM5/AM4 Compatible",199.99$,4.2 out of 5,Seller is Newegg,"The latest 8th gen Asetek pump equipped 3 phase motor pump delivers ultimate cooling performance with higher flow and lower impedance. The ASUS-exclusive Anime Matrix™ is a mini LED array that can display ROG-exclusive anime content, core system stats, and customize animations. Premium ROG ARGB fans deliver highly airflow and mutely noise. Aluminum masterpiece craft with vacuum coat lens achieve flagship aesthetics. CPU Socket Support: AMD: AM4, AM5 TR4 Intel: LGA 1851, 1700, 1200, 115x,1366, 2011, 2011-3, 2066"
https://www.newegg.com/sapphire-nitro-rx9070xt-tc-16go-amd-radeon-rx-9070-xt-16gb-gddr6/p/N82E16814202448,SAPPHIRE NITRO+ Radeon RX 9070 XT 16GB GDDR6 PCI Express 5.0 x16 ATX Graphics Card 11348-01-20G,949.99$,4.7 out of 5,Seller is Newegg,16GB 256-Bit GDDR6 Boost Clock Up to 3060 MHz 2 x HDMI 2 x DisplayPort 2.1a 4096 Stream Processors PCI Express 5.0 x16
https://www.newegg.com/acer-pm161q-b1bmiuux-15-6-fhd-60-hz-ips-black/p/N82E16824011522,"Acer PM161Q B1bmiuux 15.6"" Full HD (1920 x 1080) IPS Business Portable Monitor with Adaptive-Sync Support (FreeSync Compatible) | Ultra Slim Portable Design | External Monitor for Laptop PC Mac I VESA mounting compliant",849.99$,No Rating,Seller is Newegg,"15.6"" Full HD (1920 x 1080) Widescreen IPS Display Adaptive-Sync Support (FreeSync Compatible) Ultra Slim Portable Design Wide Viewing Angle with In-Plane Switching Technology Response Time: 4ms (G to G) Ergonomic Tilt: 0° to 90° 2 speakers, 1 watt per speaker VESA mounting compliant (75 x 75mm) 2 x USB 3.1 (Type-C) ports (Gen 1 up to 5 Gbps) supporting data, power (15W) and DisplayPort over USB-C 1 x HDMI 1.4 and 1 x Audio Out"
https://www.newegg.com/black-c2g-03833-jack/p/N82E16812999135,C2G/Cables To Go 03833 2-Port Keystone Jack Surface Mount Box,8.44$,1 out of 5,Seller is Hot Deals 4 Less,"Use C2G 90 degree Cat5e or Cat6 keystone jacks for proper fit Mount for either side or base entry of cables Boxes come with mounting screws and adhesive tape, and a cable tie for strain relief. The snap-on cover enables easy closure or access for quick installation Each box includes a write-on label with holder for easy designation of different system or station"
https://www.newegg.com/noctua-nh-d15-chromax-black/p/13C-0005-00324,"Noctua NH-D15 chromax.black, Dual-Tower CPU Cooler with Dual NF-A15 PWM 140mm Fans (Black)",119.99$,4.4 out of 5,Seller is pigpig tech,"Proven premium heatsink (more than 300 awards and recommendations from international hardware websites), now available in an all-black design that goes great with many colour schemes and RGB LEDs Extra-wide 140mm dual-tower design with 6 heatpipes and dual fans provides maximum quiet cooling efficiency on a par with many all-in-one watercoolers, ideal for overclockers and silent-enthusiasts! Dual-fan design with renowned, award-winning NF-A15 140mm fans with Low-Noise Adaptors and PWM for automatic speed control: Full cooling performance under load, whisper quiet at idle! Includes high-end NT-H1 thermal paste and SecuFirm2 mounting system for easy installation on Intel LGA1851, LGA1700, LGA1200, LGA115x and AMD AM5 & AM4 (offset mounting option for best efficiency) Renowned Noctua quality backed up by 6-year manufacturer's warranty, deluxe choice for Intel Core & Core Ultra (e.g. 285K, 265K, 245K) and AMD Ryzen (e.g. 9950X, 9900X, 9700X, 9600X)"
https://www.newegg.com/trendnet-tpe-113gi-poe-injector/p/N82E16833980027,"TRENDnet Gigabit Power Over Ethernet Injector, Full Duplex Gigabit Speeds, 1 x Gigabit Ethernet Port, 1 x PoE Gigabit Ethernet Port, Network Devices Up To 100M (328 ft), 15.4W, Black, TPE-113GI",19.99$,4.9 out of 5,Seller is Tech Provisions,Full Duplex Gigabit speeds Supplies PoE (15.4W) Network a PoE device located up to 100 meters (328 ft.) away Converts a non-PoE Gigabit port to a PoE Gigabit port Save on installation and equipment costs IEEE 802.3af compliant
https://www.newegg.com/syba-si-pex40161-pci-express/p/N82E16816124114,SYBA SI-PEX40161 PCI-Express 3.0 x16 PCI-Express Quad M.2 PCIe 3.0 x4 PCIe x16 Expansion Card Intel VROC and AMD Ryzen Threadripper NVMe Raid,35.99$,2.3 out of 5,Seller is Newegg,4 x M.2 Internal Connectors
https://www.newegg.com/rosewill-rms-p62u-monitor-arms-black/p/N82E16824992232,"Rosewill Premium Dual Monitor Mount, 13 to 35 Inch, Premium Dual Monitor Mount with USB, Height Adjustable Monitor Stand for 2 Monitors, VESA Mount with Clamp/Grommet Base, Each Arm Hold up to 26.4lbs",2399.99$,4.5 out of 5,Seller is Newegg,"Increased Stability for Heavier Ultrawide Monitors - The upgraded base and large arms make this dual monitor stand more stable so it can securely hold two 13”-35” screens weighing up to 26.4lbs. Compatible with VESA 75x75mm and 100x100mm. Longer and Taller Arms - This dual monitor mount comes with enlarged arms that extend up to 25.59"" which is perfect for deeper, larger desktops. It can be easily raised up to 21.65"", providing you with more comfortable height adjustment. Full Motion Adjustments - This heavy duty dual monitor arm allows your screens to swivel from tilt range from -85°to +90°, ±90 ° swivel and rotate 360°. Increased Stability & Convenience: Supports both clamp and bolt-through grommet mounting for desk thicknesses up to 3.54"". The hole for grommet mounting should be 0.39"" to 1.97"" in diameter; the built-in USB port provides an easy way to charge your USB devices. Perfect Desk Organizer - This monitor arms for 2 monitors free up much more valuable space on your desk."
https://www.newegg.com/startech-com-sfpsxmm/p/N82E16833114033,"StarTech.com SFPSXMM 10GBASE-SR SFP+ Transceiver Module, 10 Gbps, 550m",46.99$,No Rating,Seller is Newegg,"With 1000Base-SX technology, enjoy up to 1000Mbps data transfer rate over optical fiber cable 1.25 Gigabit Ethernet Ethernet technology for increasing efficiency with the quicker transfer and sharing of information Optical fiber cable compatible - Spans afar and provides speedy data transmission rates between servers and network components Multi-mode fiber mode support for dependable connectivity with maximum usability SFP (mini-GBIC) is the single answer to all your desired and specified application execution needs SFP (mini-GBIC) with data networking application/usage for maximum productivity and usability Hot-swappable form factor for added reliability and dependability"
https://www.newegg.com/msi-mag-a850gl-pcie5-850-w-80-plus-gold-certified/p/N82E16817701021,"MSI - MAG A850GL PCIE5, 80+ GOLD Fully Modular Gaming PSU, 12V-2x6 Cable,ATX 3.1 & PCIE 5.1 Ready, 850W Power Supply, 10 Year Warranty",139.00$,4.8 out of 5,Seller is PlatinumMicro,"ATX12V Full Modular 80 PLUS GOLD Certified 100 - 240 V 47 - 63 Hz +3.3V@20A, +5V@20A, +12V@70.5A, -12V@0.3A, +5VSB@2.5A"
https://www.newegg.com/nzxt-liquid-cooling-394-mm-intel-socket-lga-1700-1200-115x-amd-socket-am5-am4-strx4-tr4-black/p/N82E16835146120,"NZXT Kraken 360mm - RL-KN360-B1 – AIO CPU Liquid Cooler - LCD Display - 3 x F120P Static Pressure Fan Radiator Fans LGA 1851,1700 / AM5 Compatible",169.99$,4.2 out of 5,Seller is NZXT,"PERFORMANCE IN REAL TIME: Proudly display custom images and system specs in real time. The 1.54"" diameter LCD display screen provides a clean image. STAY COOL: Powerfully quiet F Series Static Pressure fans provide cooling with superior heat dissipation capability. The 7th gen Asetek pump ensures your Kraken stays cool and quiet at 2800 RPM. SIMPLE INSTALL: Setup is made simple with a single breakout cable that takes the guesswork out of the installation process. The liquid tubes are protected with reinforced nylon-braided sleeves for added durability and worry-free handling. NZXT CAM-READY: Personalize screen content with custom images or performance info with user-friendly NZXT CAM software. Control fan and pump speeds and run at 0 RPM mode at low temperatures to eliminate fan noise."
https://www.newegg.com/asus-zenwifi-bt6/p/N82E16833320610,"ASUS ZenWiFi BT6 Tri-Band WiFi 7 Mesh, 9.4 Gbps, 7600 sq.ft. (3pk), 2.5G WAN Port, Security and Parental Controls Included, Smart Home Master SSIDs, 4G & 5G Mobile Tethering- BT6 (W-3-PK)",499.99$,1 out of 5,Seller is Newegg,"Tri-band WiFi 7 speeds up to 9.4 Gbps MLO and 4K-QAM AI-powered Smart AiMesh boosts coverage up to 7600 sq.ft. (3pk) and easy extendibility with compatible ASUS routers for seamless and secure whole home WiFi Seven internal antennas and eight high-power front-end modules eliminates WiFi dead zones 24/7 end-to-end protection with commercial-grade AiProtection Pro and advanced VPNs IoT Network, parental controls & VPN easy setup on multiple devices with Smart Home Master SSIDs"
https://www.newegg.com/intel-xeon-w5-2465x-lga-4677/p/N82E16819118458,Intel Xeon w5-2465X Hexadeca-core (16 Core) 3.10 GHz Processor - 33.75 MB L3 Cache - 64-bit Processing - 4.70 GHz Overclocking Speed - Socket LGA-4677 - 240 W - 32 Threads- BX807132465X,1486.99$,5 out of 5,Seller is Newegg,"Processor consumes less power to offer maximum productivity with added usability 33.75 MB of L3 cache memory offers great system performance and avoids interruptions while executing complex and critical tasks Hexadeca-core (16 Core) processor core efficiently handles data to ensure quicker transfer of information with maximum usability Processor with 3.10 GHz clock speed for quick and dependable processing of data to ensure maximum productivity Intel Xeon processor offers brilliant performance for video editing, gaming, server hosting, and rendering"
https://www.newegg.com/supermicro-pws-668-pq-668w-atx/p/1B4-005W-001A0,Supermicro Power Supply PWS-668-PQ PS2 668W Multi-Output 80Plus Platinum with 24pi Brown Box,220.99$,No Rating,Seller is Newegg,668W Single 24Pin
https://www.newegg.com/green-project-e-t1261-black/p/N82E16828651109,Green Project E-T1261 Remanufactured Black Ink Cartridge Replacement for Epson T126120,10.44$,No Rating,Seller is Newegg,Black 385 Pages Compatible Products Stylus NX330 Stylus NX430 WorkForce 435 WorkForce 520 WorkForce 545 WorkForce 60 WorkForce 630 WorkForce 633 WorkForce 635 WorkForce 645 WorkForce 840 WorkForce 845 WorkForce WF-7010 WorkForce WF-7510 WorkForce WF-7520
https://www.newegg.com/istarusa-d-400-6-blue/p/N82E16811165180,"iStarUSA D-400-6-Blue Steel 4U Rackmount Compact Stylish Server Chassis 6 External 5.25"" Drive Bays",199.99$,4.6 out of 5,Seller is Newegg,"6 External 5.25"" Drive Bays"
https://www.newegg.com/p/1A0-002G-001T3,AddOn Fortinet FG-TRAN-GC Compatible 10/100/1000Base-TX SFP Transceiver,47.99$,No Rating,Seller is Newegg,
https://www.newegg.com/rosewill-rsv-z2850u-silver/p/N82E16811147344,"Rosewill 2U Server Chassis Rackmount Case, 4x 3.5"" Bays, 2x 2.5"" Devices, ATX Compatible, Up to 4x 80mm Fans, 2x USB 3.0, Silver/Black - RSV-Z2850U",119.99$,3.6 out of 5,Seller is Newegg,"Roomy Chassis: This 2U server case has 4 internal 3.5"" HDD bays plus 2 additional 2.5"" devices. Expandable & ATX Compatible: 7 PCI expansion slots and ATX compatibility gives you options for expansion. Quiet Cooling: 2 pre-installed 80mm cooling fans at center plus room for 2 additional 80mm fans provide excellent airflow and heat protection at reduced noise. Desired Features: Front panel LED indicators for power, HDD, and LAN status monitoring allow quick, easy visual assessment. Additional utility with 2 USB 3.0 port. Expansion Length: Low profile 150mm & Maximum Height: 69mm"
https://www.newegg.com/asrock-sl-1000g-1000-w-80-plus-gold-certified/p/N82E16817955008,"ASRock Steel Legend SL-1000G 1000W 80 PLUS GOLD & Cybenetics PLATINUM Full Modular Power Supply, ATX3.1 & PCIe5.1 Ready with Dual Color 12V-2x6 Cable, 10 Years Warranty",155.99$,4.9 out of 5,Seller is Newegg,80 PLUS® GOLD Certified Cybenetics Titanium and LAMBDA A Certified ATX3.1 & PCIe5.1 Ready Fully Modular Cable Design Native 12V-2x6 Connector Dual Color Design 100% Highly Reliable Japanese Capacitors 135mm Striped Axial FDB Fan iCool Intelligent Fan Control Mode Built-in 5V BOOST function Remarkable 10-Year Warranty
https://www.newegg.com/asrock-rack-b650d4u-supports-amd-ryzen-7000-series-processors/p/N82E16813140100,AsRock Rack B650D4U Micro-ATX Server Motherboard Single Socket AMD EPYC™ 4004 and AMD Ryzen™ 9000/8000/7000 series Processors (LGA 1718) B650E PCIe 5.0 Dual 1G Lan,299.00$,3.6 out of 5,Seller is Newegg,"Micro-ATX (9.6""x 9.6"") Supports AMD EPYC™ 4004 and AMD Ryzen™ 9000/8000/7000 Series Processors 4 DIMM slots (2DPC), supports DDR5 ECC/non-ECC UDIMM 1 PCIe5.0 x16, 1 PCIe5.0 x4, 1 PCIe4.0 x1 Supports 1 M.2 (PCIe5.0 x4), 1 M.2 (PCIe4.0 x4) 2 RJ45 (1GbE) by Intel® i210 4 SATA 6Gb/s 1 HDMI, 1 DisplayPort Remote management (IPMI)"
https://www.newegg.com/asrock-radeon-rx-6500-xt-rx6500xt-pgd-4go/p/N82E16814930067,ASRock Phantom Gaming D Radeon RX 6500 XT 4GB GDDR6 PCI Express 4.0 Graphics Card RX6500XT PGD 4GO,139.99$,4.5 out of 5,Seller is Newegg,4GB 64-Bit GDDR6 Core Clock 2365 MHz Boost Clock 2820 MHz 1 x HDMI 2.1 1 x DisplayPort 1.4 1024 Stream Processors PCI Express 4.0
https://www.newegg.com/msi-n210-md1g-d3-nvidia-geforce-210-1gb-gddr3/p/N82E16814127515,MSI GeForce 210 1GB DDR3 PCI Express 2.0 x16 Low Profile Ready Graphics Card N210-MD1G/D3,44.99$,4 out of 5,Seller is Newegg,1GB 64-Bit DDR3 Core Clock 589MHz 1 x DVI 1 x HDMI 16 Cores CUDA Cores PCI Express 2.0 x16
https://www.newegg.com/istarusa-d-400-6-red/p/N82E16811165181,iStarUSA D-400-6-RED Material of Front Bezel:Aluminum alloy Material of Handle: 1.2mm SECC Zinc-Coated Steel Material of Main Chassis: 1.2mm SECC Zinc-Coated Steel ( Japan Made ) 4U Rackmount Compact Stylish Rackmount Chassis 6 External 5.2,201.99$,4.6 out of 5,Seller is Newegg,"6 External 5.25"" Drive Bays 1 80mm Fans"
https://www.newegg.com/msi-mag-mt201-mount-matte-black/p/N82E16824960028,"MSI MAG MT201 - Premium Heavy Duty Single Monitor Stand Arm, Supports 17-49"" Screens and 44 lbs, VESA Compatible, Adjustable Spring Assisted Mount, Clamp & Grommet, Quick Release Plate - Black",2399.99$,4.4 out of 5,Seller is Newegg,"Maximize Your Workspace with the MSI MAG MT201 Premium Heavy Duty Single Monitor Stand Arm. Unlock enhanced productivity and comfort with our premium single monitor stand arm. Designed to support screens from 17 to 49 inches, with a weight capacity of 44 lbs, it ensures sturdy and adaptable positioning for your display. VESA compatible and equipped with an adjustable spring mount, installation is a breeze with the included clamp and grommet options. Plus, enjoy the convenience of the quick-release plate for effortless adjustments. Elevate your setup today with the sleek black design and the added assurance of MSI's comprehensive 3-year coverage."
https://www.newegg.com/black-istarusa-d-200-fs/p/N82E16811165539,"iStarUSA D-200-FS Black Aluminum / Steel 2U Rackmount Compact Stylish Chassis 1 External 5.25"" Drive Bays",199.99$,4.7 out of 5,Seller is Newegg,"1 External 5.25"" Drive Bays 1 80mm Fans"
https://www.newegg.com/p/1YF-00Y5-00013,"Montech RX 120 ARGB Reversed Fan 1600PWM, High-End Durability, Silent Performance, and Stunning ARGB Design (120mm, Black)",14.99$,4.5 out of 5,Seller is Newegg,"Elevate your build's aesthetics with the modern hexagonal RGB ring and 20 LEDs, bringing a new level of design aesthetics to your PC. Enjoy smart fan speed adjustments based on your system temperature, thanks to advanced PWM controls that allow you to adjust fan speed from 800RPM to 1600RPM. Enjoy a near-silent operation with optimized frames and blades, with noise levels under 27 dB(A) Invest in high-end durability with our HDB bearing, boasting a lifespan of 40,000 hours Say goodbye to noise caused by resonance phenomena, thanks to the integrated eight-rounded anti-vibration pads that reduce vibration and noise. Gray-colored reversed fan blades for easy differentiation and improved airflow when installed on the side panel, perfect for cases without front-mounted fan options."
https://www.newegg.com/msi-mag-a750gl-pcie5-750-w-80-plus-gold-certified/p/N82E16817701022,"MSI - MAG A750GL PCIE5, 80+ GOLD Fully Modular Gaming PSU, 12V-2x6 Cable, ATX 3.1 & PCIE 5.1 Ready, 750W Power Supply, 10 Year Warranty",99.99$,4.1 out of 5,Seller is Newegg,"ATX12V Full Modular 80 PLUS GOLD Certified 100 - 240 V 47 - 63 Hz +3.3V@20A, +5V@20A, +12V@60.2A, -12V@0.3A, +5VSB@2.5A"
https://www.newegg.com/black-oki-data-52106001-ribbon/p/N82E16817102407,"Oki Data 52106001 Black Ribbon for ML590, ML591",22.99$,No Rating,Seller is Newegg,Ribbon Black 1
https://www.newegg.com/acer-kg271u-xbmiipx-27-qhd-240-hz-va-black/p/N82E16824011486,"Acer Nitro KG271U 27inch 2560x1440 240Hz Refresh rate 0.5ms response time AMD FreeSync Premium Acer HDR350 Gaming Monitor, HDMIx2, DisplayPort, Speaker",2399.99$,4.1 out of 5,Seller is Newegg,"27inch 2560x1440P Gaming Display 240Hz refresh rate and 0.5ms response time Acer HDR350 DCI-P3 90% color Gamut AMD Freesync Premium Technology HDMIx2, DisplayPort, Speaker"
https://www.newegg.com/highpoint-ssd7505-pci-express/p/N82E16816115306,HighPoint SSD7505 PCIe 4.0 x16 4-Channel M.2 NVMe RAID Controller,729.99$,3 out of 5,Seller is Newegg,Dedicated PCIe 4.0 x16 direct to CPU NVMe RAID Solutions Truly Platform Independent 4 and 8 NVMe PCIe 4.0 devices PCIe Gen 3 Compatible Up to 32TB capacity per controller Low-Noise Hyper-Cooling Solution Integrated SSD TBW and temperature monitoring capability Bootable RAID Support for Windows and Linux Complete NVMe RAID Solution
https://www.newegg.com/p/3D4-0075-00005,"IPASON E2728S-M 27 2K 165HZ Gaming Monitor,2560*1440 IPS Display, HDCP andG-Sync Ready, FreeSync Premium 100%sRGB, ( 2x HDMI 2.0 and 2 x DP 1.4 )",849.99$,4.3 out of 5,Seller is Ipason Official,"Resolution & Panel: 27"" 2560*1440 IPS Display Refresh Rate : 165Hz Refresh Rate, Color Accuracy: 8-bit color / 100% sRGB Support function:HDCP G-Sync Freesync Connectivity: 2x HDMI 2.0 and 2 x DP 1.4 VESA Wall Mount Compatible 100x100mm size:614.8*253.9*534.3mm *This product has been temporarily suspended from sale to California.We apologize for the inconvenience and are doing our best to resume normal sales!"
https://www.newegg.com/p/1B4-008A-00147,Intel CC VROCSTANMOD Virtual RAID standard BD 5Module (VROCSTANMOD),121.45$,No Rating,Seller is IPC Store,"Intel VROC Upgrade Key (Standard) NC PRODUCT CODE Features CPU attached NVMe SSD - high perf Boot on RAID volume Third party vendor SSD support Intel RSTe 5.0 RAID 0/1/10 Hot plug/ surprise removal (2.5"" SSD form factor only) Enclosure LED management"
https://www.newegg.com/aruba-r3j15a-other/p/N82E16833990044,"Aruba R3J15A AP-MNT-A Campus AP Mount Bracket Kit (Individual) Type A: Suspended Ceiling Rail, Flat 9/16",35.14$,No Rating,Seller is Assiduus Global inc,R3J15A Other
https://www.newegg.com/asrock-rack-sp2c741d16x-2t-supports-5th-and-4th-gen-intel-xeon-scalable-processors/p/N82E16813140123,ASRock Rack SP2C741D16X-2T EEB Server Motherboard Dual Socket 5th and 4th Gen Intel Xeon Scalable Processors (LGA 4677) C741 16 DIMM Slots 6 PCIe5.0 x16 Dual 10G Lan,1089.00$,No Rating,Seller is Newegg,"EEB (12.4'' x 14"") Supports 5th and 4th Gen Intel Xeon Scalable processors 8+8 DIMM slots (1DPC), supports DDR5 RDIMM/ RDIMM-3DS 6 PCIe5.0 / CXL1.1 x16 1 PCIe5.0 x8 2 MCIO (PCIE5.0 x8) 3 OCuLink (PCIe3.0 x4 or 4 SATA 6Gb/s) Supports 1 M.2 (PCIe5.0 x4) Up to 13 SATA 6Gb/s 2 RJ45 (10GbE) by Intel X710-AT2 Remote management (IPMI)"
https://www.newegg.com/model-wdba3a0050bbk-wesn-5tb/p/N82E16822234385,WD Black 5TB P10 Game Drive Portable External Hard Drive for PS5/PS4/Xbox One/PC/Mac USB 3.2 (WDBA3A0050BBK-WESN),144.99$,4.6 out of 5,Seller is Newegg,"Enhanced gaming storage capacity of up to 5TB, accommodating over 125 games, ensuring ample space for both cherished classics and latest releases Portable form factor with sleek metal top covering that provides fast access to your growing game storage Speeds up to 140MB/s (2TB model) to push your console or PC to new levels Compatible with Xbox Series X|S (play and store Xbox One games / archive Xbox Series X|S games) and PlayStation 5 (play and store PS4 games/archive PS5 games) consoles Premium HDD with 3-year limited warranty, purpose-built for gamers based on WD_BLACK quality and reliability"
https://www.newegg.com/asus-pa278qv-27-wqhd/p/N82E16824281062,"ASUS ProArt Display 27"" 1440P Monitor (PA278QV) - QHD (2560 x 1440), 100% sRGB/Rec. 709 Delta E < 2, IPS, DisplayPort HDMI DVI-D Mini DP, Calman Verified, Eye Care, Tilt, Pivot, Swivel, Height Adjustable",2399.99$,4.8 out of 5,Seller is Newegg,"27-inch WQHD (2560 x 1440) IPS monitor with frameless design International color standard 100% sRGB and 100% Rec. 709 wide color gamut Calman Verified with factory calibration for excellent Delta E < 2 color accuracy ASUS-exclusive ProArt Preset and ProArt Palette provide numerous adjustable color parameters Extensive connectivity for maximum flexibility, including Mini DisplayPort, DisplayPort, HDMI, dual-link DVI-D, audio in and earphone jack, plus four USB 3.0 ports Ergonomic stand with tilt, swivel, pivot and height adjustments for a comfortable viewing experience, plus VESA wall-mountable Free 3-month Adobe Creative Cloud Subscription: Receive complimentary access with the purchase of this product (offer valid from 9/15/2021 to 8/31/2024)"
https://www.newegg.com/asrock-rack-b650d4u-2l2t-bcm-amd-ryzen-7000-series-processors/p/N82E16813140099,ASRock Rack B650D4U-2L2T/BCM Micro-ATX Server Motherboard Single Socket AMD EPYC™ 4004 and AMD Ryzen™ 9000/8000/7000 Series Processors (LGA 1718) B650E PCIe 5.0 Dual 10G Lan,419.00$,3.6 out of 5,Seller is Newegg,"Micro-ATX (9.6""x 9.6"") Supports AMD EPYC™ 4004 and AMD Ryzen™ 9000/8000/7000 Series Processors 4 DIMM slots (2DPC), supports DDR5 ECC/non-ECC UDIMM 1 PCIe5.0 x16, 1 PCIe5.0 x4, 1 PCIe4.0 x1 Supports 1 M.2 (PCIe5.0 x4) 2 RJ45 (10GbE) by Broadcom BCM57416 2 RJ45 (1GbE) by Intel® i210 4 SATA 6Gb/s 1 HDMI, 1 DisplayPort Remote management (IPMI)"
https://www.newegg.com/supermicro-pws-1k41p-1r-1400w-consumer-electronics/p/N82E16817377048,SuperMicro PWS-1K41P-1R 24Pin 1400W 1U Server Power Supply 80Plus Gold,89.10$,5 out of 5,Seller is Cloud Computing LLC,1400W 24Pin
https://www.newegg.com/rosewill-rsv-r4000u-black/p/N82E16811147326,"Rosewill 4U Server Chassis Rackmount Case | 8 3.5"" HDD Bays, 3 5.25"" Devices | ATX, CEB Compatible | 2 Front 120mm Fans, 2 Rear 80mm Fans | 2x USB 3.0 | Front Panel Lock | Silver/Black - RSV-R4000U",209.99$,4.1 out of 5,Seller is Newegg,"Spacious Chassis: This massive 4U server case has 8 internal 3.5"" HDD bays plus room for 3 additional 5.25"" devices. Expandable & ATX/CEB Compatible: 7 PCI expansion slots and ATX and CEB motherboard compatibility give you growth options for all of your needs. Quiet Cooling: 4 pre-installed cooling fans provide excellent airflow and heat protection at reduced noise. 2 front 120mm fans and 2 rear 80mm fans ensure your drives and chassis avoid overheating. Desired Features: Front panel LED indicators for power, HDD, and LAN status monitoring allow quick, easy visual assessment. Additional utility with 2 USB 3.0 and built-in front panel lock provides extra security for your server case. Expansion Length: Low profile 270mm & Maximum Height: 140mm without GPU holder"
https://www.newegg.com/p/N82E16826153335,Razer Basilisk V3 Pro Customizable Wireless Gaming Mouse with Razer HyperScroll Tilt Wheel,129.99$,3.8 out of 5,Seller is Newegg,Razer™ HyperScroll Tilt Wheel 13-Zone Chroma Lighting with Full Underglow Iconic Ergonomic Form with 10+1 Programmable Buttons Razer™ Focus Pro 30K Optical Sensor Razer™ HyperSpeed Wireless Razer™ Optical Mouse Switches Gen-3 Next-Gen Wireless Charging
https://www.newegg.com/creative-sound-blaster-z-se/p/N82E16829102110,"Creative Sound Blaster Z SE Internal PCI-e Gaming Sound Card and DAC, 24-bit / 192 kHz, 116 dB SNR, ASIO, 600O Headphones Amp, Mic EQ, Discrete 5.1 / Virtual 7.1, Supports Dolby Digital Live, DTS",109.99$,4.4 out of 5,Seller is Newegg,"PRISTINE AUDIO CLARITY - With up to 116 dB SNR at an amazing bit rate of up to 24-bit / 192 kHz, enjoy impressive audio quality for your every need. SBX GAMING EQ PROFILES - Emerge as the last man standing with our updated SBX Gaming Profiles for hot titles such as Apex Legends, Fortnite, Overwatch, PUBG, and more. IMMERSIVE SURROUND SOUND - Get fully immersed and stay focused on your games with our surround sound. The Sound Blaster Z SE now supports 7.1 virtual on headphones and speakers alongside discrete 5.1 for speakers. For extra delivery options to your external devices, the Z SE also supports Dolby Digital Live and DTS Encoding CRYSTAL CLEAR COMMUNICATION - Comes with a list of Microphone EQ Presets that compensates for your headset's built-in mic so you can be heard clearly-whether it is to reduce the harshness of your tonality, sound more natural, or to increase the mids for vocal clarity."
https://www.newegg.com/gigabyte-mw83-rp0-supports-intel-xeon-w-3500-w-2500-w-3400-w-2400-processors/p/N82E16813145481,"Gigabyte MW83-RP0 Intel® Xeon® W Workstation Board, Single processor, LGA 4677, Intel® W790 Chipset, 8-Channel DDR5 RDIMM/3DS-RDIMM, 8 x DIMMs, ASPEED® AST2600 BMC.",766.99$,No Rating,Seller is Newegg,"Single Intel® Xeon® W-3500/3400 Processors Single Intel® Xeon® W-2500/2400 Processors* 8-Channel DDR5 RDIMM, 8 x DIMMs Intel® W790 chipset 2 x 10Gb/s LAN ports via Intel® X710-AT2 2 x SlimSAS connectors for 8 x SATA 6Gb/s 2 x M.2 slots with PCIe Gen4 x4 interface 5 x PCIe Gen5 x16 expansion slots 2 x PCIe Gen4 x16 expansion slots"
https://www.newegg.com/ubiquiti-usw-lite-8-poe-8-x-rj45/p/N82E16833664066,Ubiquiti Networks Lite 8 POE (52W) (USW-Lite-8-POE (52W)) Switch,99.99$,No Rating,Seller is IPC Store,"An 8-port, Layer 2 PoE switch supporting silent fanless cooling. (4) GbE PoE+, (4) GbE ports 52W total PoE availability* Wall mountable *With an external 60W power adapter."
https://www.newegg.com/intel-xeon-w9-3475x-lga-4677/p/N82E16819118450,Intel Xeon w7-3465X Octacosa-core (28 Core) 2.50 GHz Processor - 75 MB L3 Cache - 64-bit Processing - 4.80 GHz Overclocking Speed - Socket LGA-4677 - 360 W - 56 Threads - BX807133465X,3023.99$,5 out of 5,Seller is Newegg,"The processor features Socket LGA-4677 socket for installation on the PCB 75 MB of L3 cache memory offers great system performance and avoids interruptions while executing complex and critical tasks Octacosa-core (28 Core) processor core helps processor process data in a dependable and timely manner with maximum productivity Processor with 2.50 GHz clock speed for quick and dependable processing of data to ensure maximum productivity Intel Xeon processor offers brilliant performance for video editing, gaming, server hosting, and rendering"
https://www.newegg.com/logitech-z313-speaker-system-2-1/p/N82E16836121034,"Logitech Z313 2.1 Multimedia Speaker System with Subwoofer, Full Range Audio, 50 Watts Peak Power, Strong Bass, 3.5mm Audio Inputs, PC/PS4/Xbox/TV/Smartphone/Tablet/Music Player - Black",59.99$,4.1 out of 5,Seller is MyOfficeInnovations,"The control pod makes it easy to control volume and headphone controls.Mounting Type:Table Top.Speakers maximum output power:25 watts You can fill your room with big, balanced sound (25 watts) The compact sub-woofer fits into tight spaces and delivers deeper bass when you want to feel the beat With its easy setup, just connect the speakers to the sub-woofer, and plug the sub-woofer into your computer. That's it System requirement is any device with a headphone jack (3.5 millimeter) input. Sub-woofer - 15 W"
https://www.newegg.com/hp-d9p29a-paper-tray/p/14S-002Y-000S9,HP LaserJet Pro D9P29A 550-sheet Feeder Tray,233.99$,4 out of 5,Seller is Newegg,"Paper Tray Model #: D9P29A Compatible with: HP LaserJet M402dn, M402dne, M402dw, M402n, M426fdn, M426fdw Series Manage your business, not your printer. Save time by refilling your paper trays less often. Add this 550-sheet paper tray, for a total input capacity of 900-sheets, and print for longer without reloading paper."
https://www.newegg.com/tp-link-archer-ax55-pro-wi-fi-6-ieee-802-11ax-ac-n-a-5-ghz-ieee-802-11ax-n-b-g-2-4-ghz/p/N82E16833704685,"TP-Link AX3000 WiFi 6 Router (Archer AX55 Pro) - Multi Gigabit Wireless Internet Router, 1 x 2.5 Gbps Port, Dual Band, VPN Router, OFDMA, MU-MIMO, USB Port, WPA3, Compatible with Alexa",149.99$,4.6 out of 5,Seller is Newegg,"Faster Dual-Band AX3000 WiFi: Up to 3.0 Gbps (2402 Mbps + 574 Mbps) WiFi for faster browsing, streaming, and downloading, all at the same time. 2.5G Multi-Gigabit Port: 1× 2.5 Gbps WAN/LAN port + 1× 1 Gbps WAN/LAN port + 3× Gigabit LAN ports + 1× USB 3.0 port ensure max flexibility and boosted throughput. Maximized Coverage: Four high-gain antennas equipped with Beamforming ensure vast coverage. Connect More Devices: OFDMA technology increases capacity by 4 times to enable simultaneous transmission to more devices. VPN Client Supported: Allow devices in your home network to access remote VPN servers without needing to install VPN software on every device. TP-Link HomeShield: Enhanced security defends against the latest cyber threats. TP-Link OneMesh Supported: Flexibly Create Whole Home WiFi with Archer AX55 Pro by adding a OneMesh supported Range Extender. Compatible with Alexa: Control your router via voice commands and make your life smarter and easier with Amazon Alexa."
https://www.newegg.com/dymo-1750630/p/N82E16833515001,DYMO 1750630 LabelWriter Print Server RJ45 USB 2.0,145.55$,2.5 out of 5,Seller is Deal Targets,RJ45 USB 2.0 10/100Mbps
https://www.newegg.com/netgear-rax10-100nas/p/N82E16833222145,NETGEAR 4-Stream WiFi 6 Router (RAX10),99.99$,4.4 out of 5,Seller is Newegg,"WIFI 6 - STREAM EVERYTHING AT FASTER SPEED: Simultaneously stream movies, games, video calls or transfer files up to 1.8Gbps WiFi speed. Works with existing and new WiFi 6 devices like iPhone 11, Galaxy Note 10 and S10 WORKS WITH ALL INTERNET PROVIDERS: Replace your existing WiFi Router (separate modem or modem router required). Compatible with any Internet Service Provider up to 1Gbps including cable, satellite, fiber, DSL and more EASY TO SET-UP AND MANAGE: Connects to your existing cable modem and sets up in minutes with the Nighthawk app - easily manage WiFi settings at the device and network level, test Internet speed and monitor data usage ADVANCED CYBER THREAT PROTECTION: NETGEAR Armor (powered by BitDefender) provides network-wide anti-virus, anti-malware, fraud/phishing/ransomware security for unlimited devices with a 30-day free trial WIRED ETHERNET PORTS: Plug in computers, game consoles, streaming players and other nearby wired devices with 4 x 1G Ethernet ports"
https://www.newegg.com/gigabyte-z790-aorus-elite-x-wifi7-atx-intel-z790-lga-1700/p/N82E16813145478,"GIGABYTE Z790 AORUS ELITE X WIFI7 LGA 1700(14th,13th,12th Gen) Intel Z790 X ATX Motherboard with DDR5, 4 M.2, PCIe 5.0, USB 3.2 Type-C, Wi-Fi 7, 2.5GbE LAN, Q-Flash Plus, EZ-Latch Plus",229.99$,4 out of 5,Seller is Newegg,"Intel LGA 1700 Socket: Supports 13th and next-gen processors Dual Channel DDR5: 4*DIMMs with XMP 3.0 memory module support Commanding Power Design: Twin 16+1+2 Phases Digital VRM Solution Cutting-Edge Thermal Design: VRM Thermal Armor Advanced & M.2 Thermal Guard Ultra-Fast Storage: 4*PCIe 4.0 x4 M.2 slots Fast Networks: 2.5GbE LAN & Wi-Fi 7 Extended Connectivity: PCIe 5.0, DP, HDMI, Front & Rear USB-C 20Gb/s Fine Tuning Features: RGB FUSION 2.0, Supports Addressable LED & RGB LED Strips, Smart Fan 6, Q-Flash Plus Update BIOS without installing CPU, Memory, and GPU"""
https://www.newegg.com/logitech-910-005280-g305-lightspeed-wireless/p/N82E16826197308,"Logitech G305 LIGHTSPEED Wireless Gaming Mouse, Hero 12K Sensor, 12,000 DPI, Lightweight, 6 Programmable Buttons, 250h Battery Life, On-Board Memory, PC/Mac - Black",29.99$,4.6 out of 5,Seller is Newegg,"HERO Gaming Sensor: Next-gen HERO mouse sensor delivers up to 10x the power efficiency over other gaming mice with exceptional accuracy and responsiveness thanks to 400 IPS precision and up to 12000 DPI sensitivity LIGHTSPEED Wireless: Ultra-fast LIGHTSPEED Wireless technology gives you a lag-free gaming experience. The G305 wireless gaming mouse delivers incredible responsiveness and reliability with a super-fast 1ms report rate for competition-level performance Ultra-Long Battery Life: The G305 wireless Logitech mouse boasts an incredible 250 hours of continuous gameplay on a single AA battery so you can play at peak performance without worrying about running out of power Lightweight design: Thanks to an efficient mechanical design, the G305 gaming mouse weighs in at only 99 grams for high manoeuvrability Compact, portable design with convenient built-in storage for included USB wireless receiver. Max. speed: > 400 IPS"
https://www.newegg.com/monoprice-105342/p/0N6-01B8-003N3,Monoprice Networking USB 2.0 Print Server - Black,60.98$,5 out of 5,Seller is Monoprice,Easily connect your USB printer to a network Allows multiple computers to share one USB printer on the network Print from any computer on your network Supports DHCP Client and multiple network prot
https://www.newegg.com/wd-my-book-16tb-black/p/N82E16822234437,"WD My Book 16TB USB 3.0, Micro-B External Desktop Hard Drive WDBBGB0160HBK-NESN Black",299.99$,4.3 out of 5,Seller is Newegg,Backup everything with included WD Backup software and Time Machine compatibility Password protection with hardware encryption Included WD Discovery software for social media and cloud storage import Easy to use Trusted storage built with WD reliability
https://www.newegg.com/abs-gq271ne-27-qhd-180-hz-ips-black/p/N82E16824942001,"ABS 27"" 180 Hz Fast IPS QHD Gaming Monitor DCI-P3 95% GQ271NE",199.99$,5 out of 5,Seller is Newegg,"27"" IPS Panel w/ 180Hz Refresh Rate 2560x1440 2K QHD Screen 1ms Response Time DCI-P3 95% High Color Gamut VESA Certified DisplayHDR 400 Dynamic Image Clarity (DIC) Technology for Blur Reduction Low Blue Light & Flicker-Free"
https://www.newegg.com/startech-com-sfpc1110/p/N82E16816530001,StarTech.com Cisco SFP-GE-T Compatible SFP Module - 1000BASE-T - 10/100/1000 Mbps SFP to RJ45 Cat6/Cat5e Transceiver - 100m,50.99$,4 out of 5,Seller is Newegg,"With 10/100/1000Base-T technology, get up to 1000Mbps data transfer rate over twisted pair cable Up to 10x faster than standard Ethernet connection and provides high-performance Twisted Pair media support ensures maximum convenience and great usability SFP (mini-GBIC) offers better usage with maximum efficiency and convenience SFP (mini-GBIC) with data networking application/usage for reliability and maximum efficiency Hot-pluggable form factor for your convenience and simplicity of usage"
https://www.newegg.com/p/N82E16824027360,"Samsung 27"" Odyssey 3D G90XF 4K 165Hz Gaming Monitor",2099.90$,No Rating,Seller is Newegg,"Samsung's 27"" Odyssey G9 3D Gaming Monitor delivers the industry’s best 3D picture quality for epic gameplay. Experience 3D gaming without the need for special glasses, thanks to eye-tracking technology and view mapping algorithms. AI 3D Video Conversion analyzes and converts content, transforming videos into 3D, and Reality Hub is the gateway to an unbeatable 3D video and gaming experience. Built-in dual speakers provide directional sound that enriches the audio of 3D videos. 165Hz Refresh Rate and near-instant 1ms Response Time (GtG) enable movements in real-time with minimized lag for ultra-smooth gameplay. AMD FreeSync Premium and VRR (variable refresh rate) reduce choppiness, screen lag, and image tears, even for the most intense fast-action gaming sessions. Edge Lighting expands game maps with LEDs around the bottom of the monitor which detect and match colors on the screen for a more realistic visual experience."
https://www.newegg.com/brother-fax-2840-fax-machine/p/N82E16828113835,Brother IntelliFax-2840 High-Speed Laser Fax,234.99$,4 out of 5,Seller is Newegg,33.6 Kbps 16 MB (400 pages) Up to 21 ppm
https://www.newegg.com/green-project-e-t0692-cyan/p/N82E16828651062,Green Project E-T0692 Remanufactured Cyan Ink Cartridge Replacement for Epson T069220,7.59$,No Rating,Seller is Newegg,Cyan 345 Pages Compatible Products Stylus CX5000 Stylus CX6000 Stylus CX7000 F Stylus CX7400 Stylus CX7450 Stylus CX8400 Stylus CX9400 F Stylus CX9400 Fax Stylus CX9475 Fax Stylus N11 Stylus NX100 Stylus NX105 Stylus NX110 Stylus NX115 Stylus NX200 Stylus NX215 Stylus NX300 Stylus NX305 Stylus NX400 Stylus NX410 Stylus NX415 Stylus NX510 Stylus NX515 WorkForce 1100 Wideformat WorkForce 30 WorkForce 310 WorkForce 315 WorkForce 40 WorkForce 500 WorkForce 600 WorkForce 610 WorkForce 615 WorkForce 615
https://www.newegg.com/amd-epyc-9275f-socket-sp5/p/N82E16819113870,AMD EPYC 5th Gen 9005 Series (Twenty-Four Core) 24 Core - Model 9275F AMD - EPYC - 9275F - Processor / Clock Speed: 4.1 - Total Threads: 48 - Socket SP5 - L3 Cache - 256MB Memory,3182.00$,5 out of 5,Seller is High Performance Tech,"The Socket SP5 socket allows processor to be placed on the PCB without soldering EPYC product line processor for better reliability and ensure maximum productivity 256 MB of L3 cache memory offers great system performance and avoids interruptions while executing complex and critical tasks Tetracosa-core (24 Core) processor core allows multitasking with great reliability and fast processing speed Processor with 4.10 GHz clock speed for faster, efficient execution of cycles per second to ensure maximum usability"
https://www.newegg.com/green-project-k-10c-3-colors/p/N82E16828651151,Green Project K-10C Remanufactured 3 Colors Ink Cartridge Replacement for Kodak 10C,8.54$,No Rating,Seller is Newegg,3 Colors 420 Pages Kodak 10C Replacement
https://www.newegg.com/logitech-g502-x-w-bk-910-006136-usb-wired/p/N82E16826197554,"Logitech G502 X Wired Gaming Mouse - LIGHTFORCE hybrid optical-mechanical primary switches, HERO 25K gaming sensor, compatible with PC - macOS/Windows - Black",59.99$,4.3 out of 5,Seller is Newegg,"Icon reinvented: From the legacy of Logitech's most popular G502 design, the G502 X wired gaming mouse is reimagined and redesigned with the latest innovations in gaming technology LIGHTFORCE switches: All-new hybrid optical-mechanical switch technology for incredible speed and reliability, as well as precise actuation with crisp response, for hours of performance gaming HERO 25K gaming sensor: Incredibly precise down to the sub-micron for high-precision accuracy with zero smoothing/filtering/acceleration for high gaming performance every time on the computer Redesigned DPI-shift button: This wired optical gaming mouse features a reversible and removable DPI-shift button for precise customization depending on your grip and preference Redesigned hyperfast scroll wheel: Switch between hyper-fast free spin and precise ratcheting mode, and tilt left and right for two additional personalizable controls Weight reduced: Thin-wall exoskeleton for minimum material and maximum rigidity."
https://www.newegg.com/rosewill-rsv-z2600u-black/p/N82E16811147329,"Rosewill 2U Server Chassis Rackmount Case | 4 3.5"" HDD Bays | Micro-ATX Compatible |3 x 80mm PWM Fans | 2x USB 3.0 | Silver/Black - RSV-Z2600U",99.99$,3.6 out of 5,Seller is Newegg,"Roomy Chassis: This 2U server case has 4 internal 3.5"" HDD bays. Expandable & Micro-ATX Compatible: 4 PCI expansion slots and Micro-ATX compatibility gives you options for expansion. Quiet Cooling: 3 pre-installed 80mm front cooling fans provide excellent airflow and heat protection at reduced noise. Desired Features: Front panel LED indicators for power and HDD status monitoring allow quick, easy visual assessment. Additional utility with 2 USB 3.0 ports. Expansion Length: Low profile 150mm & Maximum Height: 69mm"
https://www.newegg.com/p/N82E16823816161,Corsair K70 RGB TKL CHAMPION SERIES Tenkeyless Gaming Keyboard CH911901ANA,89.99$,No Rating,Seller is Newegg,Corsair K70 RGB TKL CHAMPION SERIES Tenkeyless Gaming Keyboard CH911901ANA
https://www.newegg.com/black-poly-sync-20-m-speakerphone-usb-a-to-usb-c-cable-bt700-dongle-pouch/p/N82E16836986001,Poly Sync 20+M Speakerphone +USB-A to USB-C Cable +BT700 dongle +Pouch,125.99$,No Rating,Seller is Newegg,"Three-microphone array Experience conference calls with outside noise and distractions tuned out. A three-microphone array focuses on your voice — not the surrounding noise. Full-duplex audio Collaboration gets tough when one voice dominates the conversation. Full-duplex audio makes simultaneous conversations a breeze. Smartphone charger Stay connected and ready for your calls with the ability to charge your smartphone when on the go via an USB-A port. Up to 20 hours of battery life Work on the go — the battery is ready for portable use with up to 20 hours of talk time on a full charge. Wireless connection Enjoy easy connectivity, however you want to work with your devices — connect smartphones wirelessly via Bluetooth® or to the computer with the included USB-A or USB Type-C®? adapter. Certified for Microsoft Teams Full Microsoft Teams certification takes your Microsoft Teams experience to the next level with a button for instant access to the app and more."
https://www.newegg.com/transition-networks-m-ge-psw-sx-01-na-converter/p/N82E16833995017,Transition Networks M/GE-PSW-SX-01-NA 10/100/1000Base-TX to 1000Base-SX Media Converter,301.76$,No Rating,Seller is NothingButSavings,M/GE-PSW-SX-01-NA Converter
https://www.newegg.com/rosewill-rs-n2-cl-dual-bay-m-2-nvme-duplicator/p/N82E16817182462,"Rosewill NVMe SSD Cloner, M.2 Duplicator Dual Bay NVMe Enclosure, Tool-Free 20Gbps USB3.2 Gen 2X2 SSD to USB Adapter M.2 Docking Station for M Key PCIE NVMe SSD Reader Supports Offline Clone - RS-N2-CL",59.99$,No Rating,Seller is Newegg,"Versatile Dual NVMe Enclosure: This dual bay NVMe enclosure supports both M Key and B+M Key NVMe SSDs. Ultra-Fast M.2 Reader: Equipped with a USB 3.2 Gen 2x2 interface, this NVMe duplicator offers blazing speeds up to 20Gbps, making this SSD dock an ideal SSD to USB adapter for those needing speed One-Click SSD Cloner: SSK NVMe dock doubles as a standalone nvme cloner, allowing you to clone drives with just a single button press. Secure Data with Smart Technology: Safeguard your data with built-in S.M.A.R.T monitoring your SSD's health, and TRIM optimizing performance and maintaining drive efficiency. Seamless Connectivity: This dual NVMe enclosure comes with a 20Gbps USB-C and a 10Gbps USB-A cable, plus a 12V/2A power adapter, making it a fully equipped NVMe to usb adapter."
https://www.newegg.com/startech-pexesat322i-sata-iii/p/N82E16816129101,StarTech.com PEXESAT322I PCI-Express x1 Low Profile Ready SATA III (6.0Gb/s) 2 Int/2 Ext SATA Controller Card,42.99$,4.1 out of 5,Seller is Newegg,Add 2 external or internal SATA 6 Gbps ports to a computer through a PCI Express slot 2 Port PCI Express SATA 6 PCIe SATA 6 PCI Express SATA III Card PCI Express eSATA PCIe eSATA Dual Port PCI-e Controller Card Includes Low Profile Bracket
https://www.newegg.com/asrock-rack-altrad8ud-1l2t-q64-22-ampere-altra-max-ampere-altra-processors/p/N82E16813140134,"Asrock Rack Ampere Altra Bundle ALTRAD8UD-1L2T Deep Micro-ATX Server Motherboard Single Socket (LGA 4926) with Ampere Altra Q64-22 64 cores & 2U passive cooler, Dual 10G - Integrated by Asrock Rack",1434.99$,3.9 out of 5,Seller is Newegg,"Deep Micro-ATX (9.6"" x 10.5"") CPU: Installed Ampere Altra Q64-22, 64 cores Cooler: 2U passive Single Socket (LGA 4926), supports Ampere Altra Max/Ampere Altra processors 8 DIMM slots (1DPC), supports DDR4 288-pin RDIMM, LRDIMM 4 PCIe4.0 x16* 4 SlimSAS (PCIe4.0 x8) 2 OCuLink (PCIe4.0 x4) Supports 2 M.2 (PCIe4.0 x4) 2 RJ45 (10GbE) by Intel® X550 1 RJ45 (1GbE) by Intel® i210 Remote Management (IPMI) Support ATX PSU or 12V DC-IN"
https://www.newegg.com/blue-wd20ezbx-2tb-computer-hardware-for-daily-computing-7200-rpm/p/N82E16822234469,WD Blue 2TB Desktop Hard Disk Drive - 7200 RPM SATA 6Gb/s 256MB Cache 3.5 Inch - WD20EZBX,390.99$,4.2 out of 5,Seller is Newegg,Reliable everyday computing Western Digital quality and reliability Free Acronis True Image WD Edition cloning software Massive capacity up to 8TB 2-year limited warranty
https://www.newegg.com/asus-c501-rog-carnyx-wht-na-white-usb-connector/p/N82E16836320006,"ASUS ROG Carnyx USB Gaming Microphone (25mm condenser capsule, 192kHz/24-bit, cardioid, high-pass filter, built-in pop filter, metal shock mount, one-touch mute, USB, Aura Sync RGB) - White",169.99$,3.4 out of 5,Seller is Newegg,"Studio-Grade 25 mm Condenser Capsule: Delivers truly rich and warm vocal tones 192 kHz / 24-bit High Sampling Rate: Provides high-resolution, extremely detailed audio High-Pass Filter: Reduces unwanted low frequencies noise and further enhances voice clarity Built-In Pop Filter: Cuts down on vocal plosives Premium Metal Shock Mount: Reduces external vibrations for smooth recording One-Touch Mute Button: Quick, intuitive control for uninterrupted recording Multi-Functional Control Knob: For convenient volume adjustment of microphones and audio control of monitoring headsets ASUS Aura Sync RGB Lighting: Enjoy unmatched personalization and synchronize with Aura Sync ecosystem"
https://www.newegg.com/silver-blue-microphones-yeti-usb-connector/p/N82E16836431024,"Blue Yeti USB Microphone for PC, Mac, Gaming, Recording, Streaming, Podcasting, Studio and Computer Condenser Mic with Blue VO!CE effects, 4 Pickup Patterns, Plug and Play – Silver",99.99$,4.4 out of 5,Seller is Newegg,"Custom Three-Capsule Array: Produces clear, powerful, broadcast-quality sound for YouTube, game streaming, podcasting, Zoom calls and music. Blue VOICE Software: Craft the perfect broadcast vocal sound and entertain your audience with enhanced effects, advanced modulation and HD audio samples. Advanced Blue VOICE is compatible with Yeti, Yeti Nano and Yeti X. To access Blue VOICE, please download Logitech’s free G HUB software. Four Pickup Patterns: Flexible cardioid, omni, bidirectional, and stereo pickup patterns allow you to record in ways that would normally require multiple mics. Onboard Audio Controls: Headphone volume, pattern selection, instant mute, and mic gain put you in charge of every level of the recording and streaming process. Plug 'n Play?on?Mac and PC: Instantly start recording and streaming on Mac or PC."
https://www.newegg.com/tp-link-deco-x20-mesh-wifi-system/p/N82E16833704523,TP-Link Deco X20(3-pack) AX1800 Whole Home Mesh Wi-Fi 6 System,184.99$,4.8 out of 5,Seller is DemProductSales,"Faster Connections: Wi-Fi 6 speeds up to 1,800 Mbps - 1,201 Mbps on 5 GHz and 574 Mbps on 2.4 GHz. Connect More Devices: OFDMA and MU-MIMO technology quadruple capacity to enable simultaneous transmission to more devices. Boosted Seamless Coverage: Achieve seamless whole home coverage with a clearer and stronger whole home Wi-Fi signal generated by Wi-Fi 6. Ultra-Low Latency: Greater reduction in latency enables more responsive gaming and video chatting. One Unified Network: Multiple units form a whole-home network that auto-selects the best connection as you move around your home. Total Security: WPA3 encryption and TP-Link HomeShield provide personalized features, including Parental Controls, Antivirus, and Quality of Service (QoS) to ensure a safer online experience. Setup Made Easier Than Ever: The Deco app walks you through setup step-by-step."
https://www.newegg.com/p/1HU-00RG-00276,Silverstone Cybenetics Silver 600W mini redundant power supply GM600 Silver,438.69$,No Rating,Seller is New Wave,600+600W 24 hours and well-working performance at 50 fully continuous power output 1+1 redundant configuration Japanese electrolytic capacitors Hot swappable design Convenient pull-out handle bars^^Industry-leading reliability
https://www.newegg.com/startech-com-mcm1110mmlc/p/N82E16833114141,StarTech.com Gigabit Ethernet Fiber Media Converter - Compact - 850nm MM LC - 550m - With MM SFP Transceiver,88.99$,5 out of 5,Seller is Newegg,Convert between an RJ45 copper Ethernet connection and a fiber optic connection to extend your network cost-effectively 10/100/1000 Mbps RJ45 port supports auto negotiation to bridge different network speeds and devices to a Gigabit fiber network Compact standalone design and wall mounting option for easy and convenient installation 850nm LC multimode Gigabit fiber connection using the included SFP transceiver 550m range on fiber optic interface Link Fault Pass (LFP) supported Durable metal housing Supports IEEE 802.1q Tag VLAN pass through Auto MDIX 9K Jumbo Frame supported
https://www.newegg.com/asus-va27dqf-27-0-fhd-100-hz-ips/p/N82E16824281282,"ASUS 27” 1080P Eye Care Monitor (VA27DQF) - IPS, Full HD, Frameless, 100Hz, 1ms, Adaptive-Sync, , for Working and Gaming, Low Blue Light, Flicker Free, HDMI, DisplayPort",729.99$,No Rating,Seller is Newegg,"27-inch Full HD (1920x1080) frameless design with IPS 178° wide viewing angle panel Smooth Motion 100Hz refresh rate and 1ms MPRT delivers a seamless, tear-free visual experience by enabling VRR (variable refresh rate) Rich connectivity features HDMI and DisplayPort, plus earphone jack VESA wall-mountable to save on desktop space ASUS Eye Care monitors feature TÜV Rheinland-certified Flicker-free and Low Blue Light technologies to ensure a comfortable viewing experience What’s in the Box: HDMI cable, L-shaped Screwdriver, Power cord, Quick start guide, Warranty Card Free 1-month Adobe Creative Cloud Subscription: Receive complimentary access with the purchase of this product (offer valid from 9/15/2021 to 8/31/2024)"
https://www.newegg.com/intel-xeon-e-2324g-lga-1200/p/N82E16819118411,Intel Xeon E E-2324G Quad-core (4Core)3.10 GHz Processor-Retail Pack - 8 MB L3 Cache - 64-bit Processing - 4.60 GHz Overclocking Speed-14 nm-Socket LGA-1200-Intel UHD Graphics P750-65 W-BX80708E2324G,267.99$,5 out of 5,Seller is Newegg,"The processor features Socket LGA-1200 socket for installation on the PCB 14 nm enables improved performance per watt and micro architecture makes it power-efficient Xeon E product line processor for better reliability and ensure maximum productivity 8 MB level 3 cache architecture to provide versatile performance and fast access to frequently used data Quad-core (4 Core) processor core efficiently handles data to ensure quicker transfer of information with maximum usability Processor with 3.10 GHz clock speed for faster, efficient execution of cycles per second to ensure maximum usability 1 monitors supported to ensure maximum productivity with added feasibility"
https://www.newegg.com/startech-com-sfpgesst/p/N82E16816530009,StarTech.com Cisco SFP-GE-S Compatible SFP Module - 1000BASE-SX - 1GE Gigabit Ethernet SFP 1GbE Multimode Fiber MMF Optic Transceiver,33.99$,No Rating,Seller is Newegg,"With 1000Base-SX technology, enjoy up to 1000Mbps data transfer rate over optical fiber cable Lets you conveniently connect to the 1.25 gigabit ethernet Ethernet technology to offer maximum productivity Supports optical fiber cable for durable performance, minimal signal loss, and fast data transfers to greater distances Multi-mode fiber mode support for reliable, fast transfer, sharing, and access to the data and information SFP (mini-GBIC) offers better usage with maximum efficiency and convenience SFP (mini-GBIC) with data networking application/usage for maximum dependability and convenience Hot-pluggable form factor allows hassle-free and easy usage with increased efficiency"
https://www.newegg.com/ambir-docketport-dp667-simplex/p/N82E16838996026,"Ambir DocketPort DP667 48-bit internal color, outputs 24-bit true color, 8-bit grayscale & 1-bit B&W CMOS CIS (Contact Image Sensor) Simplex 600 dpi Simplex Card Scanner",171.99$,No Rating,Seller is Newegg,"48-bit internal color, outputs 24-bit true color, 8-bit grayscale & 1-bit B&W CMOS CIS (Contact Image Sensor) 600 dpi 3 seconds per single-sided card in grayscale mode at 300 dpi"
https://www.newegg.com/msi-rtx-3050-lp-6g-oc-nvidia-geforce-rtx-3050-6gb-gddr6/p/N82E16814137879,MSI LP GeForce RTX 3050 6GB GDDR6 PCI Express 4.0 x8 ATX Graphics Card RTX 3050 LP 6G OC,199.99$,5 out of 5,Seller is Newegg,6GB 96-Bit GDDR6 Boost Clock 1492 MHz 2 x HDMI 2.1 1 x DisplayPort 1.4a 2304 Cores CUDA Cores PCI Express 4.0 x8
https://www.newegg.com/rosewill-rsv-l4500u-black/p/N82E16811147328,"Rosewill 4U Server Chassis Rackmount Case | 15 3.5"" HDD Bays | E-ATX Compatible | 6 Front 120mm Fans, 2 Rear 80mm Fans | 2x USB 3.0 | Front Panel Lock and Key | Silver/Black - RSV-L4500U",249.99$,4.1 out of 5,Seller is Newegg,"Spacious Chassis: This huge 4U server case comes with 15 internal 3.5"" HDD bays. Expandable & E-ATX Compatible: 7 PCI expansion slots and E-ATX compatibility gives you growth options for all of your needs. Exceptional Cooling: 8 pre-installed cooling fans provide excellent airflow and heat protection. 3 front 120mm fans, 3 middle 120mm fans and 2 rear 80mm fans ensure your drives and chassis avoid overheating. Desired Features: Front panel LED indicators for power, HDD, and LAN status monitoring allow quick, easy visual assessment. Additional utility with 2 USB 3.0 port and built-in front panel lock."
https://www.newegg.com/p/N82E16817147137,iStarUSA TC-700PD8B 20+4Pin 700W Single PS2 Power Supply,190.99$,No Rating,Seller is Newegg,700W Single 20+4Pin 1 Fans
https://www.newegg.com/tp-link-deco-xe75-mesh-wifi-system/p/N82E16833704665,TP-Link Deco XE75(3-pack) AXE5400 Tri-Band Mesh Wi-Fi 6E System White,249.99$,4.5 out of 5,Seller is Newegg,"WiFi 6E Tri-Band Mesh WiFi - Cover up to 7,200 Sq.Ft with next-gen seamless WiFi and make dead zones and buffering a thing of the past Brand-New 6 GHz Band - Experience the latest frequency of WiFi, eliminating interference from all legacy devices. The 6 GHz can work as a backhaul to ensure stable connections between nodes by default. You can switch it to Wi-Fi Network mode and connect your WiFi 6E-compatible devices to 6GHz Network True Tri-Band Speed - All three WiFi bands work together to unleash your network's total speeds up to 5,400 Mbps for 200 devices(6 GHz: 2402 Mbps (HE160); 5 GHz: 2402 Mbps (HE160); 2.4 GHz: 574 Mbps)"
https://www.newegg.com/istarusa-d-410b10sa-blue/p/N82E16811165155,iStarUSA D-410B10SA-BLUE Blue Zinc-Coated Steel 4U Rackmount Server Case,397.99$,2.8 out of 5,Seller is Newegg,10 Hot-Swap Drive Bays 2 120mm Fans
https://www.newegg.com/creative-t40-ii-wired-2-0/p/N82E16836116044,"Creative GigaWorks T40 Series II 2.0 Multimedia Speaker System with BasXPort Technology, Black",110.11$,4.3 out of 5,Seller is Deal Targets,"Refer the user manual below for troubleshooting BasXPort technology enhances the low frequency response without the bulkiness of a subwoofer. Convenient front access to volume, bass, treble and input jacks. Connects to your computer, MP3 player, LCD TV or other stereo audio sources. Comes with a power-saving feature that puts the speaker on standby when audio is not detected, and wakes it up automatically when audio is played. Connector Type : Line-In, AUX-in"
https://www.newegg.com/p/1B4-00CB-001Y4,QNAP PS PWR-PSU-770W-DT01 700W power supply unit single module Delta,25.99$, out of 5,Seller is BTE Outlet,AT
https://www.newegg.com/p/1YF-000T-004J3,"Noctua NF-A14 PWM chromax.Black.swap, Premium Quiet Fan, 4-Pin (140mm, Black)",35.19$,4.9 out of 5,Seller is ZerKorr Power,"Premium quiet fan, 140x140x25mm, 12V, 4-pin PWM, max. 1500 RPM, max. 24.6 dB(A), >150,000 h MTTF Award-winning NF-A14 design has received more than 100 recommendations from international hardware websites and magazines Square frame with excellent airflow and pressure performance: ideal for use on water cooling radiators or as a case fan 4-pin PWM version for automatic speed control via 4-pin PWM fan headers, 1500rpm maximum speed chromax.black.swap edition with attractive all-black design and swappable red, black, white, blue, yellow and green anti-vibration pads for colour-customising"
https://www.newegg.com/logitech-g715-clicky-switches-gx-blue-920-010656-clicky-mechanical-keyboard/p/N82E16823126702,"Logitech G715 Wireless Mechanical Gaming Keyboard with LIGHTSYNC RGB Lighting, Lightspeed, Clicky Switches (GX Blue), and Keyboard Palm Rest, PC and Mac Compatible, White Mist",199.99$, out of 5,Seller is Newegg,"Cloud-soft Comfort: Float away with G715’s dreamy white design and comfy, cloud-shaped palm rest Play On: Play freely with rechargeable 25 gaming-hour battery life (with full lighting), Logitech LIGHTSPEED wireless, and Bluetooth connectivity Power of LIGHTSPEED: Play your best with ultra-responsive LIGHTSPEED wireless; save a USB port and dual sync this wireless mechanical keyboard with your G705 wireless gaming mouse Lovely Lighting: Logitech LIGHTSYNC RGB with preloaded Play Mood animations, the Aurora Collection signature lighting; customize your RGB gaming keyboard’s lighting on G HUB Make It Yours: Complete your custom mechanical keyboard’s look with keycaps and top plates in multiple colorways, including Pink Dawn and Green Flash; sold separately From The Aurora Collection: Gaming gear plays best together, G715 Logitech keyboard, G735 headset, G705 mouse share the same inclusive design and dreamy aesthetic; gaming accessories sold separately"
https://www.newegg.com/p/N82E16838996017,"Ambir PS667-AS 48-bit Internal Color, Outputs 24-bit True Color, 8-bit Grayscale & 1-bit B&W Contact Image Sensor (CMOS CIS) Simplex Up to 600 dpi A6 ID Card Scanner with AmbirScan",195.76$, out of 5,Seller is NothingButSavings,"48-bit internal color, outputs 24-bit true color, 8-bit grayscale & 1-bit B&W Contact Image Sensor (CMOS CIS) 600 dpi 3 seconds per single-sided card in grayscale mode at 300 dpi"
https://www.newegg.com/black-startech-15-ft-others/p/N82E16812200707,StarTech.com N6PATCH15BK 15 ft. Cat 6 Black Snagless Cat6 UTP Patch Cable - ETL Verified,390.99$,4.6 out of 5,Seller is NothingButSavings,15ft Black CAT6 Ethernet cable w/ 100% copper Multi Gigabit 1/2.5/5Gbps and 10Gbps up to 160ft|Fluke patch cord tested to comply w/ ANSI/TIA-568-2.D Category 6 24 AWG stranded copper conductors|Up to 100W for PoE applications|IEEE 802.3bt and DTE power compliance|Built w/ ETL and UL verified wire (E132276-A)|650Mhz Rated|ANSI/TIA-568-B wiring|15 foot 50-micron gold-plated RJ45 connectors stop rust/corrosion Snagless UTP network cable is easily pulled through wiring conduits
https://www.newegg.com/logitech-z207-wired-with-bluetooth-wireless/p/N82E16836121235,Logitech Z207 2.0 Multi Device Stereo Speaker (Black),53.99$,4.3 out of 5,Seller is NothingButSavings,"Versatile setup with speakers that connect easily to computers and other devices via Bluetooth wireless or 3.5mm cable Logitech Easy-Switch technology lets you seamlessly switch between audio devices Just by pausing the Audio on one device and pressing play on the other Each speaker has one active/powered driver that delivers full range Audio and ONE passive radiator that provides bass extension. On-speaker headphone jack Plus convenient controls for easy access to Bluetooth wireless pairing, power and Volume adjustments Works with Bluetooth enabled devices and any device with a 3.5mm input including a computer, television, smartphone, tablet and music player"
https://www.newegg.com/ambir-docketport-687-dp687-duplex-id-card/p/N82E16838996021,"Ambir DocketPort 687 DP687 48-bit internal color, outputs 24-bit true color, 8-bit grayscale & 1-bit B&W CMOS CIS (Contact Image Sensor) Duplex 600 dpi Optical Scanners - Specialized",309.99$, out of 5,Seller is Newegg,"48-bit internal color, outputs 24-bit true color, 8-bit grayscale & 1-bit B&W CMOS CIS (Contact Image Sensor) 600 dpi Optical 3 seconds per single-sided card in grayscale mode at 300 dpi"
https://www.newegg.com/dymo-labelwriter-450-twin-turbo-1752266/p/N82E16828111084,DYMO LabelWriter 450 Twin Turbo Dual Roll Label and Postage Printer for PC and Mac (1752266),233.33$, out of 5,Seller is BTE Outlet,"Thermal 71 labels per minute 300 x 600 dpi USB Interface Includes Software, USB Cable Includes AC Power Adapter and Cable"
https://www.newegg.com/prolimatech-pro-pk1-1-5g/p/N82E16835242038,Prolimatech PRO-PK1-1.5G Thermal Compound,4.99$,4.8 out of 5,Seller is Prolimatech,Excellent long-term stability Non-electronically conductive Non-corrosive Easy to apply and less to use Low dry-out
https://www.newegg.com/gigabyte-mz01-ce0-amd-epyc-7000-series-processor-family-single-processor-14nm-up-to-32-core-64-thr/p/N82E16813145136,GIGABYTE MZ01-CE0 Motherboard - AMD EPYC™ 7003/7002 - ATX UP,549.00$, out of 5,Seller is Newegg,"Single AMD EPYC™ 7003/7002 Series Processors 8-Channel DDR4 RDIMM/LRDIMM, 8 x DIMMs 2 x 10Gb/s LAN ports via Intel® X550-AT2 2 x 1Gb/s LAN ports via Intel® I210-AT 4 x SlimSAS with 16 x SATA 6Gb/s ports 1 x M.2 slot with PCIe Gen3 x4 interface 5 x PCIe Gen3 x16 and x8 expansion slots"
https://www.newegg.com/corsair-rmx-series-rm850e-850-w-cybenetics-gold/p/N82E16817139336,CORSAIR RMx Series RM850e 850 W ATX (ATX 3.1 Compatible) Cybenetics Gold Full Modular Power Supply,129.99$,3.9 out of 5,Seller is Newegg,ATX (ATX 3.1 Compatible) Full Modular Cybenetics Gold 100 - 240 V 47 - 63 Hz
https://www.newegg.com/highpoint-ru1444c-pci-express/p/N82E16816115336,HighPoint RU1444C PCIe 3.0 x16 USB 3.2 20Gb/s Host Controller,132.88$, out of 5,Seller is LiteVis,"4x to Dedicated USB-Type C 3.2 20Gb/s Ports 4x to Dedicated USB-Type C 3.2 20Gb/s Ports Dedicated PCIe 3.0 x16 Host Interface Dedicated PCIe 3.0 x16 Host Interface True Alternative to Thunderbolt 3 Connectivity True Alternative to Thunderbolt 3 Connectivity Ideal for professional-grade, High-Speed Data Acquisition & Transfer Applications Ideal for professional-grade, High-Speed Data Acquisition & Transfer Applications 4 USB-Type C ports support any industry-standard USB device or peripheral 4 USB-Type C ports support any industry-standard USB device or peripheral 2500 MB/s of transfer bandwidth per USB port 2500 MB/s of transfer bandwidth per USB port Driverless Installation: Native xHCI Support Driverless Installation: Native xHCI Support"
https://www.newegg.com/ambir-docketport-468-dp468-simplex/p/N82E16838996022,Ambir DocketPort 468 DP468 48bit Contact image sensor (CMOS CIS) Simplex 600 dpi Sheetfed Scanner,138.99$, out of 5,Seller is Newegg,"48bit Contact image sensor (CMOS CIS) 600 dpi (Card) 3 seconds per card in grayscale mode at 300 dpi (8.50"" x 11.00"" page) 11 seconds per single-sided page in black and white mode at 200 dpi"
https://www.newegg.com/p/2AN-00G8-00001,BTI UPS Battery Pack APCRBC152SLA152,632.93$, out of 5,Seller is NothingButSavings,Manufacturer: Battery Technology Inc. Manufacturer Part Number: APCRBC152SLA152 UPC: 886734890809
https://www.newegg.com/asus-model-hyper-m-2-x16-card/p/2HK-0012-00527,ASUS Hyper M.2 x16 PCIe 3.0 x4 Expansion Card V2 Supports 4 x NVMe M.2 (2242/2260/2280/22110) Up to 128 Gbps for Intel VROC and AMD Ryzen Threadripper NVMe RAID,55.99$,4.3 out of 5,Seller is Newegg,"Intel VROC ready and NVMe RAID support on AMD Ryzen Threadripper New two-phase power solution with up to 14W output Supports four additional NVMe M.2 drives using Intel VROC for transfer speeds up to 128 Gbps PCI Express 3.0 x16 interface, compatible with PCI Express x8 and x16 slots Stylish heatsink and integrated blower style fan prevent M.2 throttling"
https://www.newegg.com/black-creative-pebble-wired/p/0S6-004H-00065,Creative Pebble V2 USB-Powered Desktop Speakers with Far-Field Drivers and Passive Radiators for Pcs and Laptops (Black),24.99$,4.5 out of 5,Seller is Newegg,"Single USB cable for computers and laptops | enjoy a hassle-free Audio experience with a single USB cable without the need for a power adapter Far-field drivers and passive radiators | custom-tuned far-field driver solution with rear facing passive radiators for excellent audio and enhanced bass reproduction 45° elevated drivers | for enhanced audio projection and an immersive personal listening experience Modern and stylish aesthetics | perfect for any modern homes, offices and workspaces. Easy access volume control | Conveniently placed Front-facing controls for instant adjustments Frequency Response 100 Hz (Hertz) ~ 17 kHz (kiloHertz)"
https://www.newegg.com/msi-mag-mt201d-mount-matte-black/p/N82E16824960027,"MSI MAG MT201D - Premium Heavy Duty Dual Monitor Stand Arms, 17-45"" Support, VESA Compatible, Adjustable Spring Assisted Mount, 44 lbs per Screen Capacity, Clamp & Grommet, Quick Release Plate - Black",2099.90$,4.4 out of 5,Seller is Newegg,"Unleash Maximum Efficiency with the MSI MAG MT201D Premium Heavy Duty Dual Monitor Stand. Maximize your workspace potential with our heavy-duty dual monitor stand arms. Engineered to accommodate monitors ranging from 17 to 45 inches, each arm supports up to 44 lbs, providing sturdy and adaptable positioning. Featuring VESA compatibility and an adjustable spring mount, setup is seamless with both clamp and grommet options included. Plus, rest easy knowing your investment is protected by our comprehensive 3-year coverage. Elevate your workstation with the sleek black aesthetics of the MSI MAG MT201D."
https://www.newegg.com/broadcom-bcm957608-p2200gqf00/p/14U-004W-000H3,Broadcom P2200G - Network adapter - PCIe 5.0 x16 low profile - 400 Gigabit QSFP112 x 2,1588.00$, out of 5,Seller is Superior Quality,"Standards-compliant PCIe 5.0 QSFP112 PCIe NIC with line-rate, full-duplex throughput Single-port 400/200/100/50/25G Dual-port 200/100/50/25G High-speed SerDes capable of 100/50G PAM4 and 25G NRZ Optimized performance with StrataXGS and StrataDNX switches Inline encryption engine enables CPU offload and improves application performance Peer memory direct for low-latency inter-GPU communication On-chip tunneling protocol processing for Geneve, VXLAN, and NVGRE Industry's most secure PCIe NIC solution provides unparalleled platform security via silicon Root-of-Trust TruFlow engine line-rate offload for virtual switch processing TruManage™ enhances server manageability and security for data center deployments NIC partitioning supporting 16 physical functions (PFs) Seamless integration with Broadcom's PCIe Gen 5 PCIe switches for GPU-based AI/ML servers"
https://www.newegg.com/hp-865414-b21-consumer-electronics/p/181-0083-001F0,HPE 800W Flex Slot Platinum Hot Plug Low Halogen Power Supply Kit - 1400 W - 230 V AC - 865414-B21,139.99$, out of 5,Seller is Cloud Computing LLC,800W
https://www.newegg.com/msi-mag-coreliquid-e360-black-394mm-lga-1700-am5/p/N82E16835846050,"MSI MAG CoreLiquid E360 Black - AIO ARGB CPU Liquid Cooler - Rotating Cap Design - 360mm Radiator - Triple 120mm ARGB PWM Fans - LGA 1851,1700 Ready / AMD AM5 Compatible",149.99$,4.4 out of 5,Seller is Newegg,The enlarged copper base surface area helps to achieve ultimate heat exchange with the latest CPU generation Maximize micro channels to dissipate heat efficiently Rotatable water block cap for 270 degree. ARGB fan can change the lighting by MSI center. Enhanced fan performance to dissipate heat quickly. Pump is separating the rooms of cool water and hot water to avoid mixing water temperatures and effectively reduce the heat source. Durable three phase motor of the pump generates minimal vibrations for long lasting operation. Spilt pathway through the radiator rapidly dissipates heat.
https://www.newegg.com/p/0WX-000R-00U65,HP 63 Ink Cartridge - Cyan/Magenta/Yellow,34.99$,4.8 out of 5,Seller is Newegg,"Color: Tri-color Model #: F6U61AN Single cartridge Approximate page yield per cartridge: 165 Compatible with: HP Deskjet 1112, 2130, 2132, 3630, 3632. ENVY 4512, 4520, Officejet 3830, 4650 Series"
https://www.newegg.com/athena-power-m1k2-5a00v4h-1000w/p/N82E16817338130,Athena Power Zippy M1K2-5A00V4H 1000W 1U Redundant IPC/Server Power Supply - OEM,649.99$, out of 5,Seller is Newegg,1000W Redundant ATX Connector 24 (20+4) pin x 1 P4-12V 4 Pin x 1 EPS 12V 8 Pin x 2 PCIE 6+2 Pin x 2 SATA 15 Pin x 3 Molex 4 Pin x 3
https://www.newegg.com/asus-rog-strix-scope-rx-rog-rx-red-optical-black/p/N82E16823193095,ASUS XA05 ROG Strix Scope RX/RD/US Mechanical Gaming Keyboard with ROG RX Red Optical Mechanical Switch,99.99$, out of 5,Seller is Newegg,"PLAY AT THE SPEED OF LIGHT - Take on all comers with ROG Strix Scope RX, the first mechanical RGB gaming keyboard featuring exclusive ROG RX Red Optical Mechanical Switches. These switches provide a 100-million-keystroke lifespan and offer consistent linear keystrokes with immediate response. In addition, each switch has a central RGB LED to give every key all-round lighting. Strix Scope RX also offers IP57 waterproof and dust resistance, an alloy top cover, and USB 2.0 passthrough. Like all Strix Scope series gaming keyboards, it has a wider Ctrl key and a Stealth key for FPS gamers. Go confidently into battle with ROG Strix Scope RX. ABOUT ROG RX RED SWITCH - Linear and Swift, ROG RX Red Optical Mechanical Switches are the first to be developed by ROG. Extensive research, testing and fine-tuning have resulted in switches with a 1.5mm actuation point for lightning-fast inputs. An initial force of 40g prevents accidental keystrokes"
https://www.newegg.com/broadcom-bcm957416n4160c/p/N82E16833995289,Broadcom BCM957416N4160C Dual-Port 10GBASE-T Ethernet PCI Express 3.0 x8 OCP 3.0 Small Form Factor Card 10Gbps PCI-Express 3.0 x8,117.79$, out of 5,Seller is Superior Quality,"Dual Port 10 Gb/s 10GBASE-T interface x8 PCI Express 3.0 compliant SR-IOV with up to 128 virtual functions (VFs) Function-Level Reset (FLR) support Tunnel-aware stateless offloads DCB support – PFC, ETS, QCN, DCBx RDMA over Converged Ethernet (RoCE) Network Controller Sideband Interface (NC-SI) SMBus 2.0 MCTP over SMBus PCIe-based UART and KCS Jumbo frames up to 9 KB Advanced congestion avoidance"
https://www.newegg.com/seagate-ironwolf-ne-st8000vn004-8tb-7200-rpm-for-nas-systems/p/N82E16822184796,"Seagate IronWolf 8TB NAS Hard Drive 7200 RPM 256MB Cache SATA 6.0Gb/s CMR 3.5"" Internal HDD for RAID Network Attached Storage ST8000VN004-NE",390.99$,4.2 out of 5,Seller is Newegg,7200 RPM 256MB Cache SATA 6.0Gb/s For NAS systems
https://www.newegg.com/corsair-ct-9010001-ww/p/N82E16835181166,"CORSAIR TM30 Performance Thermal Paste, CT-9010001-WW.",8.99$,4.7 out of 5,Seller is Newegg,"Premium Zinc Oxide based thermal compound for optimal thermal performance. Install new, or replace existing, thermal compound on your CPU and GPU to improve heat transfer and lower temperatures. Ultra-low thermal impedance lowers CPU temperatures vs common thermal paste. CORSAIR TM30’s low-viscosity allows it to easily fill microscopic abrasions and channels for peak thermal transfer. Once installed, CORSAIR TM30’s high-stability liquid compound lasts for years with no drying, cracking or change in consistency. Non-conductive, non-toxic and contains zero volatile compounds."
https://www.newegg.com/amd-epyc-9135-socket-sp5/p/N82E16819113864,AMD EPYC 5th Gen 9005 Series (Sixteen-Core) 16 Core - Model 9135 AMD - EPYC - Processor / Number: 9135 - Processor / Clock Speed: 3.65 - Total Threads: 32 - Socket SP5 - L3 Cache - 64MB Memory - OEM,1421.99$, out of 5,Seller is Newegg,"Processor is versatile, reliable, and offers convenient usage with high speed EPYC product line processor for better usability and increased efficiency 64 MB of L3 cache memory offers great system performance and avoids interruptions while executing complex and critical tasks Hexadeca-core (16 Core) processor core allows multitasking with great reliability and fast processing speed Processor with 3.65 GHz clock speed for quick and dependable processing of data to ensure maximum productivity"
https://www.newegg.com/gigabyte-gv-n1030d4-2gl-nvidia-geforce-gt-1030-2gb-ddr4/p/N82E16814932060,GIGABYTE GeForce GT 1030 Low Profile D4 2G DirectX 12 GV-N1030D4-2GL Graphics Card,88.62$,4.3 out of 5,Seller is Newegg,2GB 64-Bit DDR4 Core Clock OC mode: 1177 MHz Gaming mode: 1151 MHz Boost Clock OC mode: 1417 MHz Gaming mode: 1379 MHz 1 x DVI-D 1 x HDMI 2.0b 384 Cores CUDA Cores PCI Express 3.0 x4
https://www.newegg.com/asus-gt-axe16000-wi-fi-6e-wi-fi-6-backwards-compatible-with-802-11a-b-g-n-ac-wi-fi/p/N82E16833320526,"ASUS ROG Rapture WiFi 6E Gaming Router (GT-AXE16000) - Quad-Band, 6 GHz Ready, Dual 10G Ports, 2.5G WAN Port, AiMesh Support, Triple-level Game Acceleration, Lifetime Internet Security, Instant Guard",599.99$,4.4 out of 5,Seller is Newegg,"World's first quad-band WiFi 6E gaming router - Ultrafast WiFi 6E (802.11ax) quad-band WiFi router boosts speeds up to 16000 Mbps New 6 GHz frequency band - Wider channels and higher capacity delivers higher performance, lower latency, and less interference. Expanded coverage - The exclusive ASUS RangeBoost Plus improves signal range and overall coverage. Flexible AiMesh configuration - Dedicated 5 GHz or 6 GHz backhaul using ASUS AiMesh routers for more flexible device options. Dual 10G ports - Enjoy up to 10X-faster data-transfer speeds for bandwidth-demanding tasks with two 10 Gbps WAN/LAN ports. 2.5G WAN port - 2.5 Gbps port prioritizes all network traffic, and unlocks the full potential of WiFi 6. Triple-level game acceleration - Accelerate game traffic every step of the way - from device to game server."
https://www.newegg.com/asus-c501-rog-carnyx-black-usb-connector/p/N82E16836320005,"ASUS ROG Carnyx USB gaming microphone certified by professional streamer, studio-grade 25 mm condenser capsule, high-pass filter, build-in pop filter, premium metal shock mount, Aura RGB, Black",159.99$,3.4 out of 5,Seller is Newegg,"Studio-Grade 25 mm Condenser Capsule: Delivers truly rich and warm vocal tones 192 kHz / 24-bit High Sampling Rate: Provides high-resolution, extremely detailed audio High-Pass Filter: Reduces unwanted low frequencies noise and further enhances voice clarity Built-In Pop Filter: Cuts down on vocal plosives Metal Shock Mount: Reduces external vibrations for smooth recording One-Touch Mute Button: Quick, intuitive control for uninterrupted recording Multi-Functional Control Knob: For convenient volume adjustment of microphones and audio control of monitoring headsets ASUS Aura Sync RGB Lighting: Enjoy unmatched personalization and synchronize with Aura Sync ecosystem"
https://www.newegg.com/asrock-rack-wrx80d8-2t-supports-amd-ryzen-threadripper-pro-5000wx-3000wx/p/N82E16813140095,AsRock Rack WRX80D8-2T ATX Server Motherboard Socket sWRX8 AMD WRX80,569.00$, out of 5,Seller is Newegg,"ATX (12"" x 9.6"") Supports AMD Ryzen Threadripper PRO 5000WX/3000WX Support 8 DIMM slots (1DPC), supports ECC/non-ECC UDIMM, RDIMM, LRDIMM, RDIMM-3DS Support 7 PCIe4.0 x16 Support 2 OCuLink (PCIe4.0 x4 or 4 SATA 6Gb/s) Support 2 M.2 (PCIe4.0 x4) Support 12 SATA 6Gb/s Support 2 RJ45 (10GbE) by Intel X710-AT2 Remote Management (IPMI)"
https://www.newegg.com/nzxt-liquid-cooling-kraken-elite-rgb-394mm-intel-lga-1700-1200-115x-amd-socket-am5-am4-strx4-tr4-blk/p/N82E16835146135,"NZXT Kraken Elite RGB 360mm - RL-KR36E-B1 – RGB AIO CPU Liquid Cooler – Customizable LCD Display - 3 x F120RGB Core Fans Radiator Fans Black LGA 1851,1700 / AM5 Compatible",299.99$,4.5 out of 5,Seller is Newegg,"INCREASED CUSTOMIZATION: A more powerful microcontroller allows for more immersive customization such as audio visualizers and the ability to relay CAM information with particle density animations. TWICE AS BRIGHT: A bright 2.36"" wide angle LCD screen supports custom images along with animated GIFs and features a crystal clear 640x640 display resolution, double that of previous generations. STAY COOL: Luminously quiet F Series RGB Core fans give a vibrant feel to your gaming setup with the 8 individually addressable RGB LEDs on each fan. The 7th gen Asetek pump ensures your Kraken Elite cools optimally with 2800 RPM operation. SIMPLE INSTALL: Setup is made simple with a single breakout cable that takes the guesswork out of the installation process NZXT CAM-READY: Personalize screen content with custom images, GIFs, or performance info with user-friendly NZXT CAM software. You can also control fan and pump speeds and run at 0 RPM mode at low temperatures to eliminate fan noise."
https://www.newegg.com/brother-fax-2940-fax-machine/p/N82E16828113804,Brother Intelli FAX-2940 High-Speed Laser Fax,329.99$, out of 5,Seller is Newegg,33.6Kbps Approx. 2.5 seconds per page 16MB Memory
https://www.newegg.com/black-xerox-008r12925-staple-cartridge/p/N82E16828118172,XEROX 008R12925 Staple Cartridge For Professional Finisher,165.99$, out of 5,Seller is Newegg,008R12925 Staple Cartridge
https://www.newegg.com/green-project-b-lc75m-magenta/p/N82E16828651002,Green Project B-LC75M Magenta Ink Cartridge Replaces Brother LC75M,6.64$, out of 5,Seller is Newegg,"Magenta 600 Pages Compatible Products LC75M,LC75-M,LC-75 M,LC75-M DCP-J525W DCP-J725DW DCP-J925DW MFC-J280W MFC-J425W MFC-J430W MFC-J435W MFC-J5910DW MFC-J625W MFC-J6510DW MFC-J6710DW MFC-J6910DW MFC-J825DW MFC-J835DW"
https://www.newegg.com/1tb-wd10spzx-blue-sata-6-0gb-s/p/N82E16822231550,"WD Blue 1TB 5400 RPM 128MB Cache SATA 6.0Gb/s 2.5"" Mobile Hard Drive WD10SPZX",49.00$,4.1 out of 5,Seller is Happy Bear,Storage built to WD's high standards of quality and reliability. Manufactured with WD's award-winning desktop and mobile hard drive technology. Available in a broad range of capacities and form factors.
https://www.newegg.com/creative-51mf8395aa000-wired-with-bluetooth-wireless-2-0/p/N82E16836116217,"Creative Stage Air V2 Compact Under-Monitor USB Soundbar for PC, with Bluetooth 5.3, Dual-Driver and Passive Radiator, up to 6 Hours of Playtime, Compatible with PS5 and Nintendo Switch",64.99$,3.9 out of 5,Seller is Newegg,"VERSATILE CONNECTIVITY OPTIONS – The Creative Stage Air V2 joins the Creative Stage series to offer both USB-C audio and Bluetooth 5.3 options. With both wired and wireless playback capabilities, you can connect it directly to your PC, mobile, or even gaming consoles (compatible with the PS5 and Nintendo Switch) for high-quality digital audio. It also comes with a 3.5 mm AUX-in port that allows for compatibility across other analog devices REFINED USB AUDIO EXPERIENCE – Experience an immediate performance boost from your PC audio when you connect it to the Creative Stage Air V2 soundbar with the included USB-A to USB-C cable. Enjoy rich and robust audio performance powered by two custom-tuned full range drivers and an oversized bass radiator made for movies, music, and games PORTABLE WITH LONG BATTERY LIFE – With a playtime of up to 6 hours on a single charge, bring the Creative Stage Air V2 around with you easily,"
https://www.newegg.com/samsung-s33gc-27-fhd-100-hz-ips-black/p/15Z-001C-00D17,"Samsung 24"" S3 (S33GC) FHD IPS 100Hz AMD FreeSync Monitor (LS24C330GANXZA) - Black",$,4.8 out of 5,Seller is Newegg,"Samsung's S3 Series 24"" Display elevates content with strikingly realistic visuals and vivid colors. IPS Panel ensures tones and shades are represented consistently with less color shift and colors remain bright and clear across the screen from all viewing angles. 100Hz refresh rate reduces lag and motion blur to keep users on track while conducting hybrid meetings or working on creative projects. AMD FreeSync keeps the monitor and graphics card refresh rate in perfect sync, which reduces image tearing, choppiness, and screen lag. Advanced TÜV-certified technology reduces eye strain by minimizing blue light and reducing screen flicker and Eye Saver Mode helps to ensure eye comfort during long work hours. HDMI and Display Port enable convenient connectivity that simplifies setup and enhances productivity."
https://www.newegg.com/amd-epyc-7313-socket-sp3/p/N82E16819113699,AMD EPYC 7003 (3rd Gen) 7313 Hexadeca-core (16 Core) 3 GHz Processor - 128 MB L3 Cache - 3.70 GHz Overclocking Speed - Socket SP3 - 155 W - 32 Threads - 100-000000329 - OEM,999.99$, out of 5,Seller is Newegg,"Processor provides dependable and fast execution of tasks with maximum efficiency Processor consumes less power to offer maximum productivity with added usability EPYC product line processor for better reliability and ensure maximum productivity EPYC product line processor for your convenience and optimal usage 128 MB of L3 cache memory offers great system performance and avoids interruptions while executing complex and critical tasks 128 MB of L3 cache memory provides excellent hit rate in short access time enabling improved system performance Hexadeca-core (16 Core) processor core efficiently handles data to ensure quicker transfer of information with maximum usability Hexadeca-core (16 Core) processor core helps processor process data in a dependable and timely manner with maximum productivity Processor with 3 GHz clock speed for faster, efficient execution of cycles per second to ensure maximum usability Processor with 3 GHz clock speed for reliable and fast execution"
https://www.newegg.com/green-project-e-t0682-cyan/p/N82E16828651058,Green Project E-T0682 Remanufactured Cyan Ink Cartridge Replacement for Epson T068220,7.59$, out of 5,Seller is Newegg,Cyan 520 Pages Compatible Products Stylus CX5000	 Stylus CX6000	 Stylus CX7000 F	 Stylus CX8400	 Stylus CX9400 F	 Stylus CX9475 Fax	 Stylus NX510	 Stylus NX515	 WorkForce 1100 Wideformat	 WorkForce 30	 WorkForce 310	 WorkForce 315	 WorkForce 40	 WorkForce 500	 WorkForce 600	 WorkForce 610	 WorkForce 615
https://www.newegg.com/p/2MB-001H-00006,"Zalman STC8 (1.5 g) Performance Thermal Grease Compound Paste, Heatsink Paste for All Coolers, CPU & GPU, Superconducting Micro-Filler Density Technology (8.3 W/m-k, 350-480 Pa.s)",7.90$, out of 5,Seller is Zalman Direct,Excellent Stability: Zalman STC8 effective thermal conductivity allows heat from CPU or any computer chips to cool down and very safe as there is no electrical conductivity. Measuring Graduations for convenience: Scale marking on the syringe allows accurate and visual measurement of the content while using or reusing the product. Optimum Viscosity: Particle size technology provides optimal filler density to conveniently use on any type of computer chips. East to use and store: Syringe type which is easy to use and rubber-cap prevents liquid content from being hardened over a period of thime when reused Outstanding Durability and cooling performance: STC 8 can fill up space between the heatsink and CPU to maximize cooling performance
https://www.newegg.com/zotac-gaming-geforce-rtx-5070-solid-oc-nvidia-12gb-gddr7/p/N82E16814500603,ZOTAC Solid OC GeForce RTX 5070 12GB 192-Bit GDDR7 PCI Express 5.0 DLSS 4.0 Graphics Card ZOTAC GAMING ZT-B50700J-10P,699.99$,4.8 out of 5,Seller is Newegg,12GB 192-Bit GDDR7 Boost Clock 2542 MHz 1 x HDMI 2.1b 3 x DisplayPort 2.1b 6144 Cores CUDA Cores PCI Express 5.0 x16
https://www.newegg.com/asus-vy249hgr-27-fhd-120-hz-ips-black/p/N82E16824281334,"ASUS 24"" 120 Hz IPS FHD Monitor Adaptive-Sync VY249HGR",849.99$,4.4 out of 5,Seller is Newegg,"24"" IPS FHD 120 Hz Adaptive-Sync 100,000,000:1 (ASCR) 16.7 Million Tilt: +22°~-5° 1 x D-Sub / 1 x HDMI 1.4 Power Cord, Quick Start Guide, Warranty Card"
https://www.newegg.com/p/N82E16838996033,Ambir DS687-A3P Duplex ID Card Scanner,299.95$, out of 5,Seller is Newegg,Compact design for space efficiency High-resolution ID card scanning at 600 dpi Included TWAIN drivers offer broad compatibility AutoContinue function allows continuous scanning
https://www.newegg.com/msi-rtx-5070-12g-shadow-3x-oc-nvidia-geforce-rtx-5070-12gb-gddr7/p/N82E16814137941,MSI SHADOW GeForce RTX 5070 12GB GDDR7 PCI Express 5.0 Graphics Card RTX 5070 12G SHADOW 3X OC,669.99$, out of 5,Seller is Newegg,12GB 192-Bit GDDR7 Boost Clock 2542 MHz 1 x HDMI 2.1b 3 x DisplayPort 2.1b 6144 Cores CUDA Cores PCI Express 5.0
https://www.newegg.com/p/N82E16826153334,Razer DeathAdder V3 Pro Wireless Gaming Mouse: 63g Ultra Lightweight - Focus Pro 30K Optical Sensor - Fast Optical Switches Gen-3 - HyperSpeed Wireless - 5 Programmable Buttons - 90 Hr Battery - Black,106.99$,4.4 out of 5,Seller is Newegg,"63g Ultra-lightweight Design: Enjoy a level of speed and control favored by the world’s top players with one of the lightest ergonomic esports mice ever created Focus Pro 30K Optical Sensor: Flawless tracking performance on a wider variety of surfaces including glass—supported by intelligent functions for enhanced aim and control Optical Mouse Switches Gen-3: From an improved 90-million click lifecycle with zero double-clicking issues, to a blistering 0.2ms actuation with no debounce delay, the mouse has the reliability and speed built for esports Up To 90 Hours of Battery Life: Smaller, lighter battery that boasts greater power efficiency and can run for up to 90 hours of continuous play — rechargeable via USB Type C Ergonomic Form: Developed in partnership with top esports pros, the iconic shape of the Razer DeathAdder has been further improved to continue its legacy of award-winning handling and comfort"
https://www.newegg.com/black-logitech-z625-wired/p/2VX-009P-00001,Logitech Z625 Powerful THX® Certified 2.1 Speaker System with Optical Input,189.74$,4.6 out of 5,Seller is Technology Galaxy,"THX Certified audio is designed to deliver the most accurate audio experience straight out-of-the-box. These Logitech Z625 THX Certified speakers are tuned to exact specifications to truthfully deliver the artist’s vision right into your living room.Mounting Type: Tabletop The 200 Watts RMS/400 Watts Peak power of Logitech Z625 2.1 speaker system delivers crisp sound and thundering bass. Powerful THX audio you can hear and feel. Z625 Powerful THX Sound 2.1 speaker system provides a versatile setup by supporting multiple inputs simultaneously including optical, 3.5mm and RCA; connect up to three compatible devices such as your game console, television and computer. Easily access all controls, including power, volume, bass, headphone jack and auxiliary jack on the right satellite speaker of the Logitech Z625 2.1 speaker system."
https://www.newegg.com/black-oki-data-43571801-ribbon/p/N82E16828107481,Oki Data 43571801 Printer Ribbon; Black,18.99$, out of 5,Seller is Newegg,Ribbon Black 1
https://www.newegg.com/supermicro-mbd-x12sth-f-o-supports-10th-generation-intel-pentium-processor-intel-xeon-e-2300-proces/p/N82E16813183807,SUPERMICRO MBD-X12STH-F-O Micro ATX Workstation Motherboard LGA 1200 Intel C256,379.00$, out of 5,Seller is Newegg,"Intel® Xeon®  E-2300 Processor, 10th Generation Intel® Pentium® Processor, Single Socket LGA-1200 (Socket H5) supported, CPU supports Up to 95W TDP Intel® C256 Up to 128GB ECC UDIMM, DDR4-3200MHz, in 4 DIMM slots 1 PCI-E 4.0 x16 1 PCI-E 4.0 x4 (in x8 slot) 1 PCI-E 3.0 x4 (in x8 slot) M.2 Interface: PCI-E 3.0 x4 M.2 Form Factor: 2280, 22110 M.2 Key: M-Key Dual LAN with Intel® Ethernet Controller I210 Intel® C256 controller for 8 SATA3 (6 Gbps) ports; RAID 0,1,5,10 2 SuperDOM with built-in power I/O: 1 VGA, 2 COM, 1 TPM header 5x USB 3.2 Gen1 (2 rear, 1 Type-A, 2 via header), 6x USB 2.0 (2 rear, 4 via headers) Gen12 iGPU support"
https://www.newegg.com/ubiquiti-usw-24-poe-24-x-rj45-2-x-sfp/p/0XP-000A-00337,Ubiquiti UniFi Switch USW-24-POE - switch - 24 ports - managed - ra (USW-24-POE),379.00$,4.7 out of 5,Seller is Newegg,"""Factory Sealed with 60 Day DOA & 30 Day Satisfaction Guarantee. Orders ship within 1 business day."""
https://www.newegg.com/startech-pexm2sat3422-1-pci-express-x4-male/p/N82E16816129137,StarTech.com PEXM2SAT3422 M.2 SATA (NGFF) SATA 1 - PCI Express x4 Male 2x M.2 NGFF SSD RAID Controller Card plus 2x SATA III Ports - PCIe,55.99$, out of 5,Seller is Newegg,Add two Next Generation Form Factor M.2 SSDs and two SATA ports to your computer through PCIe 2x M.2 NGFF SSD RAID Controller Card plus 2x SATA III Ports / PCIe 2-Slot PCI Express SATA M.2 RAID Card / SATA 3 Controller Host Card Adapter PCIe SATA Card for almost all SATA M.2 solid-state drives plus port multiplier up to 7 drives Storage controller supports hardware RAID / NCQ / HybridDrives / SATA3 6Gbps Perfect for data recovery & backup / Improves the storage & performance of a PC
https://www.newegg.com/steelseries-apex-5-hybrid-blue-mechanical/p/N82E16823239057,SteelSeries Apex 5 Hybrid Mechanical Gaming Keyboard – Per-Key RGB Illumination – Aircraft Grade Aluminum Alloy Frame – OLED Smart Display (Hybrid Blue Switch),49.00$,4.5 out of 5,Seller is Newegg,"Hybrid mechanical gaming switches – The tactile click of a blue mechanical switch plus a smooth membrane OLED smart display – Customize with gifs, game info, discord messages, and more. Aircraft-grade aluminum alloy frame – Manufactured for unbreakable durability and sturdiness Dynamic per-key RGB illumination – Gorgeous color schemes and reactive effects for every key Premium magnetic wrist rest – Provides full palm support and comfort 900 x 300 x 4 millimeter; 35.43 inches x 11.81 inches"
https://www.newegg.com/noctua-nf-a14-ippc-3000-pwm-case-fan/p/N82E16835608048,"Noctua NF-A14 iPPC-3000 PWM, Heavy Duty Cooling Fan, 4-Pin, 3000 RPM (140mm, Black)",33.99$,4.6 out of 5,Seller is Astonlink,"Heavy duty cooling fan, 140x140x25 mm, 12V, 4-pin PWM, max. 3000 RPM, max. 41.3 dB(A), >150,000 h MTTF Award-winning 140x25mm A-series fan with Flow Acceleration Channels and Advanced Acoustic Optimisation frame for superior cooling efficiency 12V 3000rpm model (41.3dB) with 4-pin PWM connector for automatic speed control via 4-pin PWM fan headers, broad 800-3000rpm speed range High-speed industrialPPC version for industrial heavy-duty applications that require extreme cooling performance and advanced ingress protection Ruggedised fibre-glass reinforced polyamide construction and IP52 certified water and dust protection"
https://www.newegg.com/p/N82E16833704682,"TP-Link Deco Outdoor Mesh WiFi (Deco X50-Outdoor), AX3000 Dual Band WiFi 6 Mesh, 2 Gigabit PoE Ports, 802.3at PoE+,Weatherproof, Works with All Deco Mesh WiFi",149.99$,4.4 out of 5,Seller is Newegg,"AX3000 Dual-Band Wi-Fi 6- Enjoy binge-watching your favorite series in 4K with combined speeds of up to 3000 Mbps (574 Mbps on 2.4 GHz and 2402 Mbps on 5 GHz )† Multiple mount options - Tabletop, wall mount, and pole mount Working outdoor - Certified waterproof and dustproof Powered over Ethernet - Provide both data connection and electric power with a single cable Full Gigabit Ethernet - 2 × Gigabit WAN/LAN Ethernet ports provide solid internet access at high speeds. Work With All Decos - Compatible with every other Deco model to form a Mesh network. TP-Link HomeShield - Provides comprehensive network protection, robust parental controls, and real-time"
https://www.newegg.com/p/14U-002S-000J1,"StarTech.com 2-Port 10Gbps USB-A & USB-C PCIe Card Adapter - USB 3.2 Gen 2 PCI Express Expansion Add-On Card - Windows, macOS, Linux",46.99$, out of 5,Seller is Newegg,"HIGH PERFORMANCE: USB 3.1 Gen 2 or USB 3.2 Gen 2x1 PCIe Add-On card supports Multiple INs, maintains max bandwidth even when mixed speed devices are connected; 10Gbps per port; 1x USB-A & 1x USB-C | Upgraded version of our popular card PEXUSB311AC2 POWER: Expansion card w/ SATA power supplies supplemental power to the USB ports (when motherboard power is insufficient) providing up to 5V 3A/15W via the USB-C port & 5V 0.9A/4.5W via the USB-A port MAX PERFORMANCE WITH USB DEVICES: 2-port USB-A & USB-C PCIe card adapter supports USB Attached SCSI Protocol (UASP) optimizing USB performance w/ external storage devices like SSDs, HDDs, NVMe drives COMPATIBILITY: Installs in full or low-profile PCIe 3.0 x4 desktop/server slot (lower performance w/PCI-e 2.0); Windows/Linux/macOS auto driver install (Windows 8 & up); Works with USB 3.2/3.1/3.0/2.0"
https://www.newegg.com/msi-forge-gk100-combo-forgegk100c-mechanical-keyboard-membrane/p/N82E16823167058,"MSI Forge GK100 Combo – Gaming RGB Keyboard & Mouse Set, 19-Key Anti-Ghosting, 6400 DPI Optical Sensor, 6-Mode RGB, up to 6,400 DPI, Black",899.99$,4.3 out of 5,Seller is Newegg,"HOTKEYS FOR RAPID CONTROL Convenient hotkeys allow you to change lighting effects, media controls, and easy access to widgets with ease. ADJUSTABLE KEYBOARD ANGLES Create your favorite comfy wrist position at 3 different tilt angles with two keyboard feet. PRECISE OPTICAL SENSOR An optical sensor provides up to 6,400 DPI to deliver precise tracking. ADJUSTABLE DPI Instantly cycle through DPI presets to adjust your accuracy for every situation. SYMMETRICAL DESIGN This medium-hand size mouse is favorable for both palm and claw grip styles, and friendly for left-handed users, thanks to the symmetrical design. DURABLE SWITCHES Enjoy years of gaming with switches rated for over 10 Million clicks. RGB LED Light up the keyboard and mouse with colors and choose from predefined effects for the preferred vibe."
https://www.newegg.com/intel-xeon-w9-3475x-lga-4677/p/N82E16819118448,Intel Xeon W9-3475X Hexatriaconta-core (36 Core) 2.20 GHz Processor - 82.50 MB L3 Cache - 64-bit Processing - 4.80 GHz Overclocking Speed - Socket LGA-4677 - 360 W - 72 Threads - Model BX807133475X,3299.00$, out of 5,Seller is High Performance Tech,"The Socket LGA-4677 socket allows processor to be placed on the PCB without soldering 82.50 MB of L3 cache memory offers great system performance and avoids interruptions while executing complex and critical tasks Hexatriaconta-core (36 Core) processor core allows multitasking with great reliability and fast processing speed Processor with 2.20 GHz clock speed for reliable and fast execution of instructions to ensure maximum convenience and feasibility Intel Xeon Hexatriaconta-core (36 Core) 2.20 GHz processor offers brilliant performance for video editing, gaming, server hosting, and rendering"
https://www.newegg.com/tripp-lite-srw26usdp-wall-mount-cabinet/p/N82E16816228218,"Tripp Lite SmartRack 26U UPS-Depth Wall-Mount Rack Enclosure Cabinet, Hinged Back",1159.99$, out of 5,Seller is Technology Galaxy,Secures 26U of 19 in. rack equipment up to 24.5 in. deep Maximum load capacity of 250 lbs. Swings away from wall on hinge for easy back-door access 5-Year Limited Warranty
https://www.newegg.com/asus-tuf-gaming-tuf-rtx5080-o16g-gaming-nvidia-geforce-rtx-5080-16gb-gddr7/p/N82E16814126743,ASUS TUF Gaming GeForce RTX 5080 16GB GDDR7 OC Edition TUF-RTX5080-O16G-GAMING PCI-Express 5.0 DLSS 4.0 Graphics Card,1484.99$,4.5 out of 5,Seller is Newegg,TUF GAMING RTX 5080 16GB GDDR7 960 GB/sec Military-Grade Components
https://www.newegg.com/evga-x15-904-w1-15bk-kr/p/N82E16826188014,"EVGA X15 MMO Gaming Mouse, 8k, Wired, Black, Customizable, 16,000 DPI, 5 Profiles, 20 Buttons, Ergonomic 904-W1-15BK-KR",46.99$, out of 5,Seller is Newegg,"LK Optical - 70 Million Click Lifecycle Multipurpose MMO Pannel w/ 12 buttons On the fly DPI Settings + 5 Onboard Profiles Ergonomic Design High Speed USB Max Polling/Report Rate: 8,000Hz E-Shift Function System"
https://www.newegg.com/asus-x901-strix-scope-ii-96-wl-nxsw-ca-pbt-rog-wireless-mechanical-keyboard-rog-nx-snow-switches/p/N82E16823193139,"ASUS ROG Strix Scope II 96 Wireless Gaming Keyboard, Tri-Mode Connection, Dampening Foam & Switch-Dampening Pads, Hot-Swappable Pre-lubed ROG NX Snow Switches, PBT Keycaps, RGB-Black",169.99$,4.7 out of 5,Seller is Newegg,"96% layout: Retains all function and number keys in a more compact and efficient layout that frees up desk space Hot-swappable switches: Pre-lubed NX Snow linear switches with the walled stem design that enhances stability and prevents dust intrusion Tri-mode connection: Connect using Bluetooth® (up to three devices), 2.4 GHz with ROG SpeedNova wireless technology or wired USB Sound-dampening foam with switch-dampening pads: Unique, integrated dampening foam with added switch-dampening pad structure absorbs pinging noises and echoes for improved keystroke acoustics. Enhanced typing experience: Pre-lubed keyboard stabilizers produce less friction for smoother keystrokes and stability for longer keys; durable ROG PBT doubleshot keycaps or UV-coated ABS keycaps offer a premium feel and shine resistance Hotkeys: F1–F5 keys are pre-programmed as hotkeys for Xbox Game Bar and recording Intuitive controls: Multi-function button and multiwheel for media playback, volume"
https://www.newegg.com/gigabyte-liquid-cooling-394-mm-amd-socket-am4-am5-intel-lga-115x-intel-lga-1200-intel-lga-1700/p/N82E16835128042,"AORUS WATERFORCE II 360 ICE Liquid CPU Cooler, 360mm Radiator with 3x120mm low noise ARGB Fans, compatible with Intel LGA1700, 1851 and AMD AM5 (GP-AORUS WATERFORCE II 360 ICE G2)",119.99$,4.6 out of 5,Seller is Newegg,"Supports Intel 115x, 1200, 1700 & 1851 CPU Socket Motherboards Supports AMD AM5 and AM4 Socket Motherboards EZ-Chain: slide-in interlocking mechanism and daisy chain Adjustable screen can be rotated 330 degrees Universal design for fan & pump RPM control, compatible with all motherboard brands"
https://www.newegg.com/white-creative-51mf1700aa003-wired-with-bluetooth-wireless/p/N82E16836116226,Creative Pebble V3 51MF1700AA003 8W 2.0 Bluetooth Speaker System - 8 W RMS - White,44.99$, out of 5,Seller is Newegg,"Significantly enhance the sound from your PC with Creative 2.0 Speaker System Pump up the sound with these Creative 2.0 multimedia speakers Experience breathtaking sound from movies, music, podcasts, games wirelessly from any of your Bluetooth enabled device while working at your desk or relaxing in your couch Wirelessly stream audio from any smartphone or tablet with Bluetooth and appreciate the fantastic sound"
https://www.newegg.com/logitech-988-000549-black-usb-type-c-connector/p/N82E16836121269,"Blue Yeti Condenser Microphone for Gaming, Live Streaming - Black  988-000549",60.99$,4.6 out of 5,Seller is Technology Galaxy,"70 Hz to 20 kHz Cardioid Desktop USB Type C Logitech G Yeti Orb is a premium RGB gaming microphone with LIGHTSYNC that delivers best-in-class audio performance and ease of use. With LIGHTSYNC RGB and a condenser capsule optimized for game streaming, plus Blue VO!CE presets, Yeti Orb is the easiest way to game with clear, focused audio. Just plug in via USB and you're ready to join the voice chat, stream, and create video content with a massive jump in your vocal quality - instantly. Control your whole setup at once with G HUB. It's that easy."
https://www.newegg.com/corsair-ch-9304211-na-scimitar-rgb-elite-usb-2-0-type-a-wired/p/N82E16826816160,"Corsair SCIMITAR RGB ELITE CH-9304211-NA Black 17 Buttons 1 x Wheel USB 2.0 Type-A Wired Optical MOBA/MMO Gaming Mouse, Backlit RGB LED",79.99$,3.8 out of 5,Seller is Newegg,"Loaded with 17 fully programmable buttons, ideal for performing frequent actions and executing complex macros in MMOs and MOBAs. Unique Key Slider control system lets you reposition the 12 side buttons to comfortably fit your grip. Equipped with a custom PixArt PMW3391 native 18,000 DPI optical sensor, adjustable in 1 DPI resolution steps, for highly accurate and customizable tracking. The SCIMITAR RGB ELITE's 50 million click-rated Omron switches, durably constructed scroll wheel, and braided cable ensure that it stands up to the wear-and-tear of extended gaming. Sculpted to comfortably fit the contours of your palm, regardless of hand size or grip style, with a right-side finger rest for added support. Dynamic RGB backlighting with near limitless customization across four lighting zones. Powerful CORSAIR iCUE software enables RGB lighting control, sophisticated macro programming and button remaps, sensitivity customization, surface calibration, and more."
https://www.newegg.com/ubiquiti-networks-usw-48-poe-gbe-rj45-ports-1g-sfp-ports/p/0XP-000A-00565,Ubiquiti UniFi Switch USW-48-POE - switch - 48 ports - managed - ra (USW-48-POE),589.00$,4.7 out of 5,Seller is Newegg,"""Factory Sealed with 60 Day DOA & 30 Day Satisfaction Guarantee. Orders ship within 1 business day."""
https://www.newegg.com/amd-epyc-7443p-socket-sp3/p/N82E16819113702,AMD EPYC 7003 (3rd Gen) 7443P Tetracosa-core (24 Core) 2.85 GHz Processor - 128 MB L3 Cache - 4 GHz Overclocking Speed - Socket SP3 - 200 W - 48 Threads - 100-000000342 - OEM,1267.99$, out of 5,Seller is Newegg,"Processor provides dependable and fast execution of tasks with maximum efficiency Processor is versatile, reliable, and offers convenient usage with high speed EPYC product line processor for better reliability and ensure maximum productivity EPYC product line processor for better usability and increased efficiency 128 MB of L3 cache memory offers great system performance and avoids interruptions while executing complex and critical tasks Tetracosa-core (24 Core) processor core efficiently handles data to ensure quicker transfer of information with maximum usability Tetracosa-core (24 Core) processor core helps processor process data in a dependable and timely manner with maximum productivity Processor with 2.85 GHz clock speed for faster, efficient execution of cycles per second to ensure maximum usability Processor with 2.85 GHz clock speed for quick and dependable processing of data to ensure maximum productivity"
https://www.newegg.com/gigabyte-mh53-g40-amd-ryzen-threadripper-pro-7000-wx-series-processors/p/N82E16813145513,GIGABYTE MH53-G40 Motherboard - AMD Ryzen™ Threadripper™ PRO 7000 WX - E-ATX UP,886.99$, out of 5,Seller is Newegg,"Single AMD Ryzen™ Threadripper™ PRO 7000 WX-Series Processors 8-Channel DDR5 RDIMM, 8 x DIMMs AMD WRX90 Chipset 2 x 10Gb/s LAN ports via Broadcom® BCM57416 1 x MCIO 8i connector for 2 x Gen5 NVMe or 8 x SATA 6Gb/s 4 x SATA 6Gb/s ports 4 x M.2 slots with PCIe Gen5 x4 interface 1 x M.2 slot with PCIe Gen3 x1 interface for Wi-Fi add-in cards 6 x PCIe Gen5 x16 expansion slots"
https://www.newegg.com/lian-li-liquid-cooling-system-galahad-ii-trinity-sl-inf-360-radiator-size-397-5-x-119-2-x-27-mm/p/N82E16835353019,LIAN LI Galahad II Trinity SL-INF 360 GA2T36INW Liquid / Water Cooling,189.99$,3.8 out of 5,Seller is Newegg,2100 RPM 61.3 CFM (Maximum) Fan Noise 29 dB(A)
https://www.newegg.com/intel-xeon-w5-3535x-lga-4677/p/N82E16819118517,Intel Xeon w5-3535X Icosa-core (20 Core) 2.90 GHz Processor - 52.50 MB L3 Cache - 64-bit Processing - 4.80 GHz Overclocking Speed - Socket LGA-4677 - Intel vPro Technology-40 Threads - BX807133535X,1920.99$, out of 5,Seller is Newegg,"The processor features Socket LGA-4677 socket for installation on the PCB 52.50 MB of L3 cache memory offers great system performance and avoids interruptions while executing complex and critical tasks Icosa-core (20 Core) processor core helps processor process data in a dependable and timely manner with maximum productivity Processor with 2.90 GHz clock speed for faster, efficient execution of cycles per second to ensure maximum usability Intel Xeon Icosa-core (20 Core) 2.90 GHz processor offers brilliant performance for video editing, gaming, server hosting, and rendering"
https://www.newegg.com/tp-link-archer-axe75/p/N82E16833704658,"TP-Link AXE5400 Tri-Band WiFi 6E Router (Archer AXE75)- Gigabit Wireless Internet Router, ax Router for Gaming, VPN Router, OneMesh, WPA3",110.00$,4.5 out of 5,Seller is Newegg,"Tri-Band WiFi 6E Router - Up to 5400 Mbps WiFi for faster browsing, streaming, gaming and downloading, all at the same time(6 GHz: 2402 Mbps;5 GHz: 2402 Mbps;2.4 GHz: 574 Mbps) WiFi 6E Unleashed - The brand new 6 GHz band brings more bandwidth, faster speeds, and near-zero latency; Enables more responsive gaming and video chatting Connect More Devices - True Tri-Band and OFDMA technology increase capacity by 4 times to enable simultaneous transmission to more devices More RAM, Better Processing - Armed with a 1.7 GHz Quad-Core CPU and 512 MB High-Speed Memory OneMesh Supported - Creates a OneMesh network by connecting to a TP-Link OneMesh Extender for seamless whole-home coverage"
https://www.newegg.com/rosewill-rsv-z3100u-silver/p/N82E16811147346,"Rosewill 3U Server Chassis Rackmount Case, 6x 3.5"" Bays, ATX Compatible, 2x 80mm Fans, 2x USB 3.0, Silver/Black - RSV-Z3100U",109.99$,3.6 out of 5,Seller is Newegg,"Roomy Chassis: This 3U server case has 6 internal 3.5"" HDD bays. Expandable & ATX Compatible: 4 PCI expansion slots and ATX compatibility gives you options for expansion. Quiet Cooling: 2 pre-installed 80mm front cooling fans provide excellent airflow and heat protection at reduced noise. Desired Features: Front panel LED indicators for power, HDD, and LAN status monitoring allow quick, easy visual assessment. Additional utility with 2 USB 3.0 port. Expansion Length: Low profile 150mm & Maximum Height: 102mm"
https://www.newegg.com/logitech-g502-x-plus-910-006160-usb-type-c-lightspeed-wireless/p/N82E16826197558,"Logitech G502 X PLUS LIGHTSPEED Wireless RGB Gaming Mouse - Optical mouse with LIGHTFORCE hybrid switches, LIGHTSYNC RGB, HERO 25K gaming sensor, compatible with PC - macOS/Windows - Black",149.49$,4.9 out of 5,Seller is Dzign Innovations,"From the legacy of Logitech’s most popular G502 design, G502 X PLUS is reimagined and redesigned All-new hybrid optical-mechanical switch technology for incredible speed and reliability, as well as precise actuation with crisp response, for hours of performance gaming This RGB gaming mouse features glowing 8-LED lighting that’s customizable and adapts as you game with startup/power-down effects and battery optimisation through active play detection. This wireless mouse features pro-grade connectivity, with an updated protocol achieving 68 percent faster response rate than the previous generation and improved reliability. Incredibly precise down to the sub-micron for high-precision accuracy with zero smoothing/filtering/acceleration for high gaming performance every time on the computer. Switch between hyper-fast free spin and precise ratcheting mode, and tilt left and right for two additional personalizable controls."
https://www.newegg.com/creative-pebble-pro-wireless-2-0/p/N82E16836116222,"Creative Pebble Pro Minimalist 2.0 USB-C Computer Speakers with Bluetooth 5.3 and Customizable RGB Lighting, Clear Dialog and BassFlex Tech, USB Audio, Headset Port, for PC and Mac (Green)",69.99$,4.3 out of 5,Seller is Newegg,"LIGHT UP YOUR SETUP WITH RGB - With a range of RGB LED lights and 3 lighting effects to choose from, create a setup that fits your vibe. Creative Pebble Pro’s RGB lights let you cycle through a spectrum of colors, get into groove with pulsate mode, or even keep it simple with a single-color glow. When it’s time to call it a day, turn the RGB rings off easily via the RGB control button POWERFUL AUDIO BEYOND ITS SIZE - Creative Pebble Pro incorporates a pair of all-new, powerful digital amps with built-in audio processing capable of delivering 3.5x richer and deeper bass, and a brand-new driver design that has been overhauled from the ground up to achieve more headroom for a louder, and clearer audio performance. This allows the speakers to drive a soundstage that is beyond its physique and across volume levels without skimping on audio clarity"
https://www.newegg.com/supermicro-h13ssl-nt-amd-epyc-9004-series-processors/p/N82E16813183820,"Supermicro Server Motherboard MBD-H13SSL-NT, Socket SP5 AMD 4th Gen  EPYC™ 9004/9005, Up to 3TB 3DS ECC RDIMM DDR5, ATX. Support of ""EPYC 5th Gen 9005 Series""",744.99$, out of 5,Seller is Newegg,"AMD EPYC™ 9004/9005* Series Processors (*AMD EPYC™ 9005 series drop-in support requires board revision 2.x) System on Chip Support up to DDR5 12 DIMM slots (1DPC) 3 PCIe 5.0 x16 2 PCIe 5.0 x8 2x 10GBase-T LAN Ports via Broadcom BCM57416 Up to 6 USB 3.0 ports(4 rear + 2 via header) 8 SATA3 ASPEED AST2600 BMC graphics 6 PWM 4-pin Fans with tachometer status monitoring M.2 Interface: 2 PCIe 4.0 x4 M.2 Form Factor: 2280, 22110"
https://www.newegg.com/black-lexmark-50f0za0-imaging-drums-and-photoconductors/p/0WX-000F-00015,"500ZA Imaging Unit for Lexmark  MS310 , MS410 , MS510/MS610 , MX310/MX410 , MX510/MX511 , MX610/MX611",85.99$, out of 5,Seller is Newegg,Black Imaging Unit Model #: 50F0ZA0 Single Unit Approx page yield per unit: 60000
https://www.newegg.com/black-istarusa-d-300-fs/p/N82E16811165546,"iStarUSA D-300-FS Black Aluminum / Steel 3U Rackmount Compact Stylish Front-mounted PSU Chassis 2 External 5.25"" Drive Bays",230.00$,3.7 out of 5,Seller is Newegg,"3 Way Aluminum Front Panel with Locks Front Access USB3.0 x2 80mm x1, 60mm x1 Cooling Fan Front Mount ATX Power Supply Removable Air Filter Power and HDD LED Power and Alarm Reset Switch Optional Aluminum Chassis"
https://www.newegg.com/highpoint-rocketu-1244a-pci-express/p/N82E16816115323,HighPoint RocketU 1244A PCIe 3.0 x8 4x 10GB/s Port USB 3.2 Controller,138.99$, out of 5,Seller is Newegg,"4x Dedicated USB 3.2 10Gb/s Ports Dedicated PCIe 3.0 x8 Host Interface Driverless Installation: Native XHCI Support Ideal for High-Speed Data Acquisition & Transfer Applications macOS, Linux & Windows"
https://www.newegg.com/asus-pa248qv-24-1-wuxga/p/N82E16824281061,"ASUS ProArt Display PA248QV 24"" WUXGA 1920 x 1200 16:10 Professional Monitor, 100% sRGB/Rec.709 Delta E < 2, IPS, DisplayPort HDMI D-Sub, Calman Verified, Eye Care, Anti-glare, Tilt Pivot Swivel Height Adjustable",2099.90$,4.6 out of 5,Seller is Newegg,"24.1-inch 16:10 WUXGA (1920 x 1200) IPS display with frameless design International color standard 100% sRGB and 100% Rec. 709 wide color gamut Calman Verified with factory pre-calibrated for excellent color accuracy (Delta E < 2) ASUS exclusive ProArt Preset and ProArt Palette provides several adjustable color parameters and preset modes Extensive connectivity with DisplayPort, HDMI, D-sub, Audio in, Earphone jack plus four USB 3.0 ports for the most flexibility VESA wall-mountable and ergonomic design with tilt, swivel, pivot and height adjustments for a comfortable viewing experience Free 3-month Adobe Creative Cloud Subscription: Receive complimentary access with the purchase of this product (offer valid from 9/15/2021 to 8/31/2024)"
https://www.newegg.com/acer-ed270-zbmiipx-27-fhd-280-hz-nitro-va-black/p/N82E16824011518,"Acer Nitro 27"" 280Hz Curved Full HD with AMD FreeSync Premium Technology 1ms with both Display Port and HDMI Port Gaming Monitor ED270 Zbmiipx",75.99$, out of 5,Seller is Newegg,"27"" Full HD (1920 x 1080) 1500R Curved Widescreen VA Gaming Display AMD FreeSync Premium Technology ZeroFrame Design Response Time: 1ms (VRB) | Refresh Rate: Up to 280Hz Panel Type: VA Color Saturation: 99% sRGB Acer VisionCare Technologies 2 speakers, 2 watts per speaker Ports: 1 x Display Port 1.4, 2 x HDMI 2.0 Ports and 1 x Audio Out"
https://www.newegg.com/visiontek-radeon-rx-550-901466/p/N82E16814129428,VisionTek Radeon RX 550 2GB GDDR5 PCI Express 3.0 CrossFireX Support Graphics Card 901466,142.99$, out of 5,Seller is Newegg,2GB GDDR5 Core Clock 1071 MHz 4 x Mini DisplayPort 512 Stream Processors PCI Express 3.0
https://www.newegg.com/tp-link-archer-ax72-pro-wi-fi-6-ieee-802-11ax-ac-n-a-5-ghz-ieee-802-11ax-n-b-g-2-4-ghz/p/N82E16833704686,"TP-Link AX5400 WiFi 6 Router (Archer AX72 Pro) - Multi Gigabit Wireless Internet Router, 1 x 2.5 Gbps Port, Dual Band, VPN Router, Guest Network, MU-MIMO, USB 3.0 Port, WPA3, Compatible with Alexa",110.00$,4.6 out of 5,Seller is Newegg,"Gigabit WiFi for 8K Streaming – 5400 Mbps WiFi for faster browsing, streamings, and downloading, all at the same time. Fully Featured Wi-Fi 6 – Equips with the top structure of 4T4R and HE160 on the 5 GHz band to enable a 4.8 Gbps ultra-fast connection. Connect 100+ Devices§ – Supports MU-MIMO and OFDMA to reduce congestion and quadruple the average throughput. Extensive Coverage – 6× antennas and Beamforming ensure broad coverage. HomeShield – TP-Link's premium security services keep your home network safe with cutting-edge features for network and IoT protection. More Vents, Less Heat – Improved vents area unleashes the full power of the whole machine. USB Sharing – 1× USB 3.0 port enables easy media sharing and private cloud building. Easy Setup – Set up the router in minutes with the Tether app."
https://www.newegg.com/addon-network-upgrades-glc-sx-mmd-ao/p/N82E16816516180,"Cisco® GLC-SX-MMD Compatible TAA 1000Base-SX SFP Transceiver (MMF, 850nm, 550m, LC, DOM, 0 to 70C)",32.81$, out of 5,Seller is Technology Galaxy,"With 1000Base-SX technology, enjoy up to 1000Mbps data transfer rate over optical fiber cable Up to 10x faster than standard Ethernet connection and provides high-performance Supports optical fiber cable for durable performance, minimal signal loss, and fast data transfers to greater distances With its thicker diameter to carry the light of multiple wavelengths, multi-mode fiber optic cable supports the high bandwidth to carry more information with greater fidelity SFP (mini-GBIC) offers enhanced dependability with maximum productivity SFP (mini-GBIC) with optical network application/usage for reliability and maximum efficiency Hot-swappable form factor for your convenience and simplicity of usage"
https://www.newegg.com/intel-xeon-w7-2475x-lga-4677/p/N82E16819118456,Intel Xeon w7-2475X Icosa-core (20 Core) 2.60 GHz Processor - 37.50 MB L3 Cache - 64-bit Processing - 4.80 GHz Overclocking Speed - Socket LGA-4677 - 270 W - 40 Threads - BX807132475X,1898.99$, out of 5,Seller is Newegg,"The processor features Socket LGA-4677 socket for installation on the PCB 37.50 MB of L3 cache memory offers great system performance and avoids interruptions while executing complex and critical tasks Icosa-core (20 Core) processor core helps processor process data in a dependable and timely manner with maximum productivity Processor with 2.60 GHz clock speed for faster, efficient execution of cycles per second to ensure maximum usability Intel Xeon 2.60 GHz processor offers great stability when you are dealing with 3D rendering software or playing games. Integrated ECC-memory reduces the chance of critical system crashes."
https://www.newegg.com/startech-netrs2322p-device-server/p/N82E16833114164,"StarTech.com 2 Port Serial-to-IP Ethernet Device Server, RS232",214.99$, out of 5,Seller is Newegg,"Flexible installation, in a range of environments: features two integrated mounting brackets, so you can mount the device server to a surface or a wall as needed, for out-of-the-way installations Backup power keeps your devices connected: this dual-port serial device server ensures seamless operation, even in the event of power dips or failures. It features a wide-range, terminal block power input (9~36V DC), and includes a universal power adapter. Completely customizable:  For easy setup, Windows® users can use the provided Virtual COM port software, or the versatile Web-based interface. The RS232 device server supports Telnet (an operating system independent communication protocol), so it can be integrated into mixed OS environments (Windows, Mac, Linux®). Plus, it supports VCOM, TCP, ICMP, IP, TCP, UDP, DHCP, and BOOTP protocols"
https://www.newegg.com/gigabyte-m28u-28-inch-uhd-144hz-ips-2xhdmi-1xdp/p/N82E16824012040,"GIGABYTE - M28U - 28"" IPS Gaming Monitor - UHD 3840x2160 - 144Hz - 1ms GTG - AMD FreeSync Premium Pro - Type C KVM - HDMI, DP, Type C - Height Adjustable - Black",399.99$,4.3 out of 5,Seller is Newegg,"Resolution & Panel: 28"" UHD 3840x2160 IPS Gaming Monitor Refresh Rate & Response: 144Hz refresh rate, 1ms GTG response time Color Accuracy: 94% DCI-P3, 8bit Special Features: Type C KVM, VESA DisplayHDR 400, TÜV Rheinland Certified, HBR3, AMD FreeSync Premium Pro Connectivity: 2x HDMI 2.1, 1x Display port 1.4, 1x USB Type-C, 3x USB 3.0 Downstream ports, 1x USB 3.0 Upstream port, 1x Earphone Jack VESA Wall Mount Compatible 100*100mm Accessories: Power cables, HDMI cable, DP cable, USB cable, QSG, Warranty card"
https://www.newegg.com/msi-d3051gb2n-1g-single-amd-ryzen-7000-series-processor-up-to-tdp-170w/p/N82E16813144659,MSI D3051GB2N-1G Micro ATX Server Motherboard (1) AMD Socket AM5 AMD B650,355.99$, out of 5,Seller is Newegg,"Micro ATX, 9.6"" x 9.6"" Single socket AM5, AMD Ryzen 7000 Series CPU (4) DDR5 DIMM slots,2DPC, up to 5200MT/s, ECC/non-ECC UDIMM (2) 1000Base-T(Intel I210AT) Ports (4) SATA3.0 ports (Supporting one SATADOM) , (2) SATA2.0 Ports Max (2) 2280/22110 PCIe4.0 x4 NVMe M.2 Ports (1) 1000Base-T Dedicated Server Management Port ASPEED AST2600 with IPMI & DMTF Redfish Support Supports ATX PSU"
https://www.newegg.com/p/N82E16823816167,CORSAIR K70 CORE RGB Mechanical Gaming Keyboard - CORSAIR Red Linear Switches - Sound Dampening - Rotary Dial - Aluminum Top Plate - Onboard Storage - Black,49.00$, out of 5,Seller is Newegg,"• Magnificent Mechanical Keyboard Experience: Pre-lubricated CORSAIR Red linear mechanical switches deliver smooth, responsive keystrokes, enhanced by two layers of sound dampening for extremely satisfying gaming and typing • Masterful Media Control: Control volume and more with a multi-function rotary dial and programmable media button, customizable with iCUE • Robust Aluminum Top Plate: The durable aluminum top plate offers another layer of stability and style • Sturdy Double-Shot Keycaps*: Tough and resilient ABS double-shot keycaps won’t crack under pressure • Store Your Settings Onboard: Save up to five profiles of your customized settings and RGB • Customize Your Keyboard in iCUE: Take control with CORSAIR iCUE, unlocking vivid dynamic RGB lighting customization, key remaps, and media button programming"
https://www.newegg.com/corsair-cx-9040006-ww-pump-reservoir-combo/p/N82E16835181211,CORSAIR Hydro X Series XD5 RGB Pump/Reservoir Combo - D5 PWM Pump - 330ml Reservoir - Ten Individually Addressable RGB LEDs - Temperature Sensor,149.99$,4.7 out of 5,Seller is Newegg,"Controlled Cooling from Every Angle Vivid RGB Lighting Your Coolant On Display In-Loop Temperature Monitoring Included 24-pin Power Supply Jumper Bridge Rubberized Mounting System Individually Sleeved Cabling 5V ARGB Motherboard Adapter Cable Included Multiple Installation Brackets Standard G1/4"" threads"
https://www.newegg.com/gigabyte-mz73-lm0-amd-epyc-9004-series-amd-epyc-9005-series/p/296-0006-00070,GIGABYTE MZ73-LM0 Rev. 3.x Motherboard - AMD EPYC™ 9005/9004 - E-ATX DP PCIe Gen5 cTDP 400W,1296.99$, out of 5,Seller is Newegg,"Dual AMD EPYC™ 9005/9004 Series Processors 12-Channel DDR5 RDIMM, 24 x DIMMs 2 x 10Gb/s LAN ports via Broadcom® BCM57416 2 x MCIO 8i connectors with PCIe Gen5 x8 or SATA interface 1 x SlimSAS 4i connector for 4 x SATA 6Gb/s 1 x M.2 slot with PCIe Gen4 x4 interface 4 x PCIe Gen5 x16 expansion slots"
https://www.newegg.com/in-win-iw-rf100-s315/p/N82E16811108524,"In Win IW-RF100-S315 1U Short-depth Rackmount Server Chassis with Single 315W Power Supply, with Front or Rear I/O Access",176.99$,4.5 out of 5,Seller is Newegg,"Compact size with outstanding design Front access and rear access in one chassis Tool-free design: 3.5"" & 2.5"" HDD cage 2 x NMB 4028 PWM Fan with anti-vibration Support M/B size extend to ATX (12"" x 10"") Includes 1 x single In Win 315W Flex-ATX 80+ Gold power supply"
https://www.newegg.com/lsi-05-50075-00/p/N82E16833995283,"Broadcom HBA 9500-16e Tri-Mode Storage Adapter,PCIe Gen 4.0 HBA enables servers to seamlessly operate with any of the SAS, SATA or NVMe storage devices (05-50075-00)",589.00$, out of 5,Seller is Superior Quality,"The Broadcom 9500-16e Tri-Mode, PCIe Gen 4.0 HBA with 16 external ports is ideal for increased connectivity and maximum performance for enterprise data center flexibility. With increased bandwidth and IOPS performance over previous generations, the 9500-16e adapter delivers the performance and scalability needed by critical applications. Connects up to 1024 SAS/SATA devices or 32 NVMe devices Provides maximum connectivity and performance for high-end servers and applications Support critical applications with the bandwidth of PCIe 4.0 connectivity Universal Bay Management (UBM) Ready"
https://www.newegg.com/intel-xeon-w7-3565x-lga-4677/p/N82E16819118516,Intel Xeon w7-3565X Dotriaconta-core (32 Core) 2.50 GHz Processor - 82.50 MB L3 Cache - 64-bit Processing - 4.80 GHz Overclocking Speed- Socket LGA-4677- Intel vPro Technology -64 Threads-BX807133565X,2894.99$, out of 5,Seller is Newegg,The processor features Socket LGA-4677 socket for installation on the PCB 82.50 MB of L3 cache memory provides excellent hit rate in short access time enabling improved system performance Dotriaconta-core (32 Core) processor core efficiently handles data to ensure quicker transfer of information with maximum usability Processor with 2.50 GHz clock speed for quick and dependable processing of data to ensure maximum productivity Intel Xeon processor offers great stability when you are dealing with 3D rendering software or playing games. Integrated ECC-memory reduces the chance of critical system crashes.
https://www.newegg.com/black-epson-erc27b-ribbon/p/N82E16828103378,"EPSON ERC27B Ribbon, Black",5.99$, out of 5,Seller is Newegg,Ribbon Black 1
https://www.newegg.com/asus-rog-azoth-extreme-m702-azoth-extreme-nxsw-ca-pbt-mechanical-keyboard-rog-nx-mechanical-switch/p/N82E16823193157,"ASUS ROG Azoth Extreme 75 Custom Gaming Keyboard, Aluminum Chassis, Carbon Fiber Positioning Plate, Adjustable Gasket Mount, 3-Layer Dampening, Color OLED Touchscreen, ROG NX Snow Switches, PBT Keycaps",499.99$, out of 5,Seller is Newegg,"Superior build quality: Crafted aluminum alloy chassis with metal frame for a premium look while maintaining top-tier wireless performance Carbon fiber positioning plate: Delivers a crispy typing feel and acoustics, simultaneously reducing keystroke vibrations effectively Adjustable gasket mount: Easily toggle between two cushioned typing feels via a quick-flip switch Full-color OLED touchscreen: View system info and customize keyboard settings; built-in three-way knob allows for instant adjustments. Extended silicone wrist rest: Ensures comfortable typing experiences, and retains firmness over time Tri-mode connection: Use Bluetooth® to connect and switch between three devices at a time, low-latency 2.4 GHz RF wireless mode, or standard wired USB Enhanced typing experiences: Pre-lubed ROG NX mechanical switches and sound-dampening foams provide smoother keystrokes with better acoustics"
https://www.newegg.com/green-project-e-t0431-black/p/N82E16828651826,Green Project E-T0431 Compatible Epson T0431 Black High Yield,7.99$, out of 5,Seller is Newegg,Black 30ML Compatible Products Epson Stylus C84 / CX6400 Black (High Capacity)
https://www.newegg.com/gigabyte-z790-aorus-pro-x-atx-intel-z790-lga-1700/p/N82E16813145477,"GIGABYTE Z790 AORUS PRO X LGA 1700(14th,13th,12th Gen) Intel Z790 X ATX Motherboard with DDR5, 5* M.2, PCIe 5.0, USB 3.2 Type-C, Wi-Fi 7, 5GbE LAN, Q-Flash Plus, EZ-Latch Plus",329.99$, out of 5,Seller is Newegg,"Intel LGA 1700 Socket: Supports 13th and next-gen processors Dual Channel DDR5: 4*DIMMs with XMP 3.0 memory module support Commanding Power Design: Twin 18+1+2 Phases Digital VRM Solution Cutting-Edge Thermal Design: VRM Thermal Armor Advanced & M.2 Thermal Guard Ultra-Fast Storage: 5*M.2 slots, including 1* PCIe 5.0 x4 Fast Networks: 5GbE LAN & Wi-Fi 7 Extended Connectivity: PCIe 5.0, DP, HDMI, Front & Rear USB-C 20Gb/s Fine Tuning Features: RGB FUSION 2.0, Supports Addressable LED & RGB LED Strips, Smart Fan 6, Q-Flash Plus Update BIOS without installing CPU, Memory, and GPU"""
https://www.newegg.com/asus-rt-be88u-ieee-802-11a-ieee-802-11b-ieee-802-11g-wifi-4-wifi-5-wifi-6-wifi-6e-wifi-7-ipv4-ipv6/p/N82E16833320598,"ASUS RT-BE88U Dual-band WiFi 7 AiMesh Extendable Performance Router, 4K-QAM, MLO, Dual 10G ports, SFP+, Four 2.5G ports, Four 1G ports, 34G WAN/LAN capacity, Subscription-free network security",349.99$, out of 5,Seller is Newegg,"Blazing-fast WiFi 7 tech boosts throughput up to 7200Mbps with Multi-Link Operation and 4096-QAM. Bolster your wired network capacity up to 34G with one cutting-edge 10G SFP+ port and one standard 10G WAN/LAN port. Establish always-on internet through AI WAN detection, versatile WAN configuration options, and a convenient USB port ready for 4G LTE and 5G Mobile tethering. Unleash demanding WiFi 7 and 10G network applications with a powerhouse quad-core 2.6GHz 64-bit CPU. Easily establish up to five SSIDs with Guest Network Pro for easy IoT device setup and management, instant VPN connections, and convenient parental controls. Stay secure with commercial-grade AiProtection Pro powered by Trend Micro, one-tap security scanning, comprehensive VPN support, and site-to-site VPN. Ensure seamless connectivity for all devices with a feature-rich whole-home network powered by AiMesh."
https://www.newegg.com/msi-pro-z790-a-max-wifi-atx-intel-z790-lga-1700/p/N82E16813144634,MSI PRO Z790-A MAX WIFI LGA 1700 Intel Z790 SATA 6Gb/s ATX Motherboard,285.00$,4.3 out of 5,Seller is zara technologies,"Supports Intel Core Next-gen 14th Gen / 13th Gen / 12th Gen, Pentium Gold and Celeron processors for LGA 1700 socket Supports DDR5 Memory, Dual Channel DDR5 7800+MHz (OC) Enhanced Power Design: 16+1+1 DRPS with 80A SPS, dual 8-pin CPU power connectors, Core Boost, Memory Boost Premium Thermal Solution: Extended Heatsink, MOSFET thermal pads rated for 7W/mK, additional choke thermal pads and M.2 Shield Frozr are built for high performance system and non-stop gaming experience High Quality PCB: 6-layer PCB made by 2oz thickened copper and server grade level material Lightning Fast Game experience: PCIe 5.0 slot, Lightning Gen 4 x4 M.2, USB 3.2 Gen 2x2 2.5G LAN with Wi-Fi 7 Solution: Upgraded network solution for professional and multimedia use. Delivers a secure, stable and fast network connection"
https://www.newegg.com/gigabyte-z790-aorus-master-x-extended-atx-intel-z790-lga-1700/p/N82E16813145476,"GIGABYTE Z790 AORUS MASTER X LGA 1700(14th,13th,12th Gen) Intel Z790 X EATX Motherboard with DDR5, 5 M.2, PCIe 5.0, USB 3.2 Type-C, Wi-Fi 7, 10GbE LAN, Q-Flash Plus, EZ-Latch Plus",449.99$,4 out of 5,Seller is Newegg,"Intel LGA 1700 Socket: Supports 13th and next-gen processors Dual Channel DDR5: 4*DIMMs with XMP 3.0 memory module support Commanding Power Design: Digital direct 20+1+2 phases VRM solution Cutting-Edge Thermal Design: VRM Thermal Armor Fins-Array & M.2 Thermal Guard Ultra-Fast Storage: 5*M.2 slots, including 1 PCIe 5.0 x4 Fast Networking: 10GbE LAN & Wi-Fi 7 Extended Connectivity: PCIe 5.0, DP, Front & Dual Rear USB-C 20Gb/s Fine Tuning Features: RGB FUSION 2.0, Supports Addressable LED & RGB LED Strips, Smart Fan 6, Q-Flash Plus Update BIOS without installing CPU, Memory, and GPU"
https://www.newegg.com/lsi-megaraid-sas-9361-8i-sata-sas/p/N82E16816118230,LSI 9300 MegaRAID SAS 9361-8i (LSI00417) PCI-Express 3.0 x8 Low Profile SATA / SAS High Performance Eight-Port 12Gb/s RAID Controller (Single Pack)--Avago Technologies,94.99$,4.2 out of 5,Seller is Cloud Computing LLC,RAID 0/1/5/6/10/50/60 2 x mini-SAS SFF8643 internal connector (Horizontal mount) Internal Connectors Up to 12Gb/s
https://www.newegg.com/asus-pg27ucdm-27-uhd-240-hz-rog-swift-oled-qd-oled-black/p/N82E16824281348,"ASUS 27"" 240 Hz OLED UHD Gaming Monitor FreeSync Premium Pro & G-Sync Compatible DCI-P3 99%, sRGB 145% ROG Swift OLED PG27UCDM",1199.99$,4.8 out of 5,Seller is Newegg,"27"" OLED UHD 240 Hz FreeSync Premium Pro & G-Sync Compatible 1,500,000:1 1.07 Billion Tilt: +20° ~ -5° Swivel: +30° ~ -30° Height adjustment: 0~120mm Pivot: +90° ~ -90° 1 x DisplayPort 2.1 / 1 x USB-C (PD 90W) / 2 x HDMI 2.1 3 x USB 3.2 Gen 1 Type-A DisplayPort 2.1 DP80 cable, HDMI Ultra High-Speed Cable, Power cord, Power adaptor, Quick start guide, USB 3.2 cable, ROG Wall-Mount kit, Warranty Card, ROG sticker, ROG pouch, Microfiber cloth, color calibration report"
https://www.newegg.com/green-project-b-lc75y-yellow/p/N82E16828651003,Green Project B-LC75Y Yellow Ink Cartridge Replaces Brother LC75Y,6.64$, out of 5,Seller is Newegg,"Yellow 600 Pages Compatible Products LC75Y,LC75-Y,LC-75 Y,LC75-Y DCP-J525W DCP-J725DW DCP-J925DW MFC-J280W MFC-J425W MFC-J430W MFC-J435W MFC-J5910DW MFC-J625W MFC-J6510DW MFC-J6710DW MFC-J6910DW MFC-J825DW MFC-J835DW"
https://www.newegg.com/purple-startech-0-5-ft-consumer-electronics/p/N82E16812399077,StarTech N6PATCH6INPL StarTech.com Cat6 Patch Cable - 6 in - Purple Ethernet Cable - Snagless RJ45 Cable - Ethernet Cord - Cat 6 Cable - 6in,390.99$, out of 5,Seller is Newegg,6in Purple CAT6 Ethernet cable w/ 100% copper Multi Gigabit 1/2.5/5Gbps and 10Gbps up to 160ft|Fluke patch cord tested to comply w/ ANSI/TIA-568-2.D Category 6 24 AWG stranded copper conductors|Up to 100W for PoE applications|IEEE 802.3bt and DTE power compliance|Built w/ ETL and UL verified wire (E132276-A)|650Mhz Rated|ANSI/TIA-568-B wiring|6 inch 50-micron gold-plated RJ45 connectors stop rust/corrosion Snagless UTP network cable is easily pulled through wiring conduits
https://www.newegg.com/amd-epyc-4344p-socket-am5/p/N82E16819113835,AMD EPYC 4004 (4th Gen) 4344P Octa-core (8 Core) 3.80 GHz Processor -  32 MB L3 Cache - 64-bit Processing - 5.30 GHz Overclocking Speed - Socket AM5 - 65 W - 16 Threads 100-100001479WOF,349.99$,5 out of 5,Seller is Newegg,AMD EPYC 4004 (4th Gen) 4344P Octa-core (8 Core) 3.80 GHz Processor -  32 MB L3 Cache - 64-bit Processing - 5.30 GHz Overclocking Speed - Socket AM5 - 65 W - 16 Threads 100-100001479WOF
https://www.newegg.com/intel-xeon-w5-2455x-lga-4677/p/N82E16819118460,Intel Xeon w5-2455X Dodeca-core (12 Core) 3.20 GHz Processor - 30 MB L3 Cache - 64-bit Processing - 4.60 GHz Overclocking Speed - Socket LGA-4677 - 240 W - 24 Threads -BX807132455X,1049.99$,4.5 out of 5,Seller is Newegg,The processor features Socket LGA-4677 socket for installation on the PCB 30 MB of L3 cache memory offers great system performance and avoids interruptions while executing complex and critical tasks Dodeca-core (12 Core) processor core helps processor process data in a dependable and timely manner with maximum productivity Processor with 3.20 GHz clock speed for quick and dependable processing of data to ensure maximum productivity Intel Xeon 3.20 GHz processor offers great stability when you are dealing with 3D rendering software or playing games. Integrated ECC-memory reduces the chance of critical system crashes.
https://www.newegg.com/ubiquiti-networks-usw-ultra-gbe-rj45-ports/p/2WK-00B4-000Z3,Ubiquiti Networks Ultra (USW-Ultra (42W)) Switch,106.11$, out of 5,Seller is Deal Targets,"A compact, Layer 2, 8-port GbE PoE switch with versatile mounting options. (7) GbE PoE+ output ports (1) GbE PoE++ input port* — 42W PoE availability with PoE++ input — 16W PoE availability with PoE+ input *PoE input is supported for switch operation, with PoE+/PoE++ input or AC power required for PoE output."
https://www.newegg.com/msi-mpg-mt201r-mount-iron-grey/p/N82E16824960025,"MSI MPG MT201R - Premium RGB Single Monitor Stand Arm,  Supports 17-49"" Screens and 44 lbs, VESA Compatible, Adjustable Heavy Duty Gas Spring Mount, Clamp & Grommet, Quick Release Plate - Gray",2099.90$,4.4 out of 5,Seller is Newegg,"Elevate Your Workspace with the MSI MPG MT201R Premium RGB Single Monitor Stand Arm. Experience the ultimate in ergonomic comfort and productivity with our fully adjustable heavy-duty gas spring mount. Perfect for monitors sized 17-49 inches, the arm boasts a capacity of 44 lbs per screen, ensuring stability and versatility. Compatible with VESA mounting standards (100x100 and 75x75), installation is a breeze with the quick-release plate. Enhance your setup with sleek gray aesthetics. Plus, enjoy peace of mind with our 3-year coverage."
https://www.newegg.com/p/N82E16824027361,"SAMSUNG 27"" Odyssey OLED G8 G81SF 4K 240Hz Gaming Monitor",1299.99$, out of 5,Seller is Newegg,"Samsung's 27"" Odyssey OLED G8 Gaming Monitor offers stunning 4K detail with a 166 PPI OLED screen. Glare Free technology eliminates reflections, while VESA DisplayHDR True Black 400 enhances contrast and color with deep blacks. The Safeguard+ Dynamic Cooling System reduces heat 5x faster than graphite, preventing burn-ins. Thermal Modulation controls brightness to prevent overheating, and Logo & Taskbar Detection dims static images. With a 240Hz refresh rate and 0.03ms response time, gameplay is ultra-smooth. AMD FreeSync Premium Pro and VRR reduce screen lag and tearing. The premium metal design features CoreSync & CoreLighting+ for full immersion, and the Ergonomic Stand offers customizable comfort."
https://www.newegg.com/neutral-hp-ce977a-toner/p/N82E16828999255,HP CE977A 110V Fuser Kit for Color LaserJet,300.89$, out of 5,Seller is MyOfficeInnovations,CE977A Toner
https://www.newegg.com/odyssey-arc-b580-12gb-gddr6/p/N82E16814987001,ONIX ODYSSEY Arc B580 12GB GDDR6 PCI Express 4.0 x8 ATX Graphics Card 8346-00178,319.99$,4.9 out of 5,Seller is Newegg,12GB 192-Bit GDDR6 Core Clock 2670 MHz 1 x HDMI 2.1 3 x DisplayPort 2.1 PCI Express 4.0 x8
https://www.newegg.com/asus-rog-astral-rog-astral-rtx5080-o16g-gaming-nvidia-geforce-rtx-5080-16gb-gddr7/p/N82E16814126742,ASUS ROG Astral GeForce RTX 5080 16GB GDDR7 OC Edition ROG-ASTRAL-RTX5080-O16G-GAMING PCI-Express 5.0 DLSS 4.0 Graphics Card,1649.99$,4.8 out of 5,Seller is Newegg,16GB 256-Bit GDDR7 2 x HDMI 2.1b 3 x DisplayPort 2.1a 10752 Cores CUDA Cores DLSS 4.0 PCI Express 5.0 x16
https://www.newegg.com/syba-si-pex40156-pci-express/p/1B3-002S-00003,4 Port SATA III PCI-e 3.0 x1 Card Non-Raid with Low Profile Bracket,15.99$,4.2 out of 5,Seller is Newegg,Chipset: ASMedia 1064 4 Internal SATA 6Gb/s Ports. SATA ports are bootable Compliant with Serial ATA Specification 3.0. Hot Plug and Hot Swap Compliant with PCI-Express Specification v1.0 Supports Native Command Queue (NCQ). Supports Port Multiplier FIS Based Switching or Command Based Switching Supports UEFI(Unified Extensible Firmware Interface)
https://www.newegg.com/istarusa-d-400-6-silver/p/N82E16811165187,"iStarUSA D-400-6-SILVER Steel 4U Rackmount Compact Stylish Server Chassis 6 External 5.25"" Drive Bays - OEM",199.99$,4.6 out of 5,Seller is Newegg,"6 External 5.25"" Drive Bays 1 80mm Fans"
https://www.newegg.com/corsair-k55-rgb-pro-ch-9226765-na-rubber-dome-mechanical-keyboard/p/N82E16823816143,"CORSAIR K55 RGB PRO-Dynamic RGB Backlighting - Six Macro Keys with Elgato Stream Deck Software Integration-IP42 Dust and Spill Resistant-Detachable Palm Rest-Dedicated Media and Volume Keys, Black",49.00$,4.4 out of 5,Seller is Newegg,"Light up your desktop with six onboard lighting effects, assign a color to each lighting zone, or program your own vibrant lighting effects across five RGB lighting zones with CORSAIR iCUE software.  Activate functions, shortcuts, or keypresses in just one stroke with six dedicated macro keys, easily set up through CORSAIR iCUE software, or use instant streaming commands through Elgato Stream Deck software.  IP42-rated dust and spill resistance guards against accidents so your gameplay never has to stop.  A soft rubber detachable palm rest reduces stress on your hands so you can play longer in comfort, with a textured surface to keep your hands from slipping.  Dedicated volume and media keys let you control media playback and fine-tune volume on-the-fly without having to interrupt your game.  Quiet and responsive keys offer comfortable typing during both work and play, with a tactile bump for responsive gaming performance."
https://www.newegg.com/p/N82E16833320546,"ASUS ROG Rapture GT6 (2PK) Tri-Band WiFi 6 Gaming Mesh WiFi System, covers up to 5,800 sq ft, 2.5 Gbps port, triple-level game acceleration, ASUS RangeBoost Plus, UNII 4, Free lifetime internet security, Black",399.99$,4 out of 5,Seller is Newegg,"1.	High-Efficiency Performance – WiFi 6 tri-band gaming mesh system with dedicated high-performance backhaul and 160 MHz channels that provide ultrafast speeds of up to 10,000 Mbps. 2.	Expanded Coverage – Nine powerful internal antennas and ASUS RangeBoost Plus technology to cover up to 5,800 square feet. 3.	Ultra-fast Wired Connection – Enjoy up to 2.5 times faster wired connectivity with a 2.5 Gbps WAN port and LAN aggregation. 4.	Triple-Level Game Acceleration – Optimize game traffic every step of the way, from your device to the game server. 5.	Comprehensive Network Security - Free lifetime subscription to AiProtection by Trend Micro™ and ASUS Instant Guard, which secures your WiFi and protects your devices wherever you are."
https://www.newegg.com/startech-com-glclhsmdst/p/N82E16833114155,StarTech.com Cisco GLC-LH-SMD Compatible SFP Module - 1000BASE-LX/LH - 1GE Gigabit Ethernet 1GbE Single Mode Fiber SMF Optic Transceiver,49.99$, out of 5,Seller is Newegg,"100% CISCO GLC-LH-SMD COMPATIBLE: Works with Cisco switches like Firepower, ASR920, IE2000, IE4000, ASR1000 and others TECHNICAL SPECS: 1000BASE-LX/LH | 1 Gbps | Single Mode (SMF)/Multi Mode (MMF) | LC Connector | 1310nm | Digital Diagnostic Monitoring (DDM) | Distances up to 10km (6.2mi) TESTED FOR OEM HOST COMPATIBILITY: Hot-swappable in Cisco routers and switches; DDM support reports the transceiver's status to most SNMP network management tools OUTSTANDING SUPPORT: Backed by StarTech.com for the life of the module itself, not your equipment; our modules won't void your OEM support and with access to our Tech Advisors 5/24 WORKS WITH MSA COMPLIANT SWITCHES: Also works with switch models from Ubiquiti, D-Link, Netgear, Supermicro, TP-Link and more that accept uncoded modules"
https://www.newegg.com/seagate-ironwolf-st4000vn006-4tb-hard-drive-for-nas-systems-5400-rpm/p/N82E16822185030,"Seagate IronWolf ST4000VN006 4TB 5400 RPM 256MB Cache SATA 6.0Gb/s 3.5"" Internal Hard Drive",390.99$,4.2 out of 5,Seller is Newegg,5400 RPM 256MB Cache SATA 6.0Gb/s For NAS systems
https://www.newegg.com/asrock-rack-altrad8ud-1l2t-ampere-altra-ampere-altra-max/p/N82E16813140130,ASRock Rack ALTRAD8UD-1L2T Deep Micro-ATX Server Motherboard Singel Socket (LGA 4926) Ampere Altra Max/Ampere Altra processors Dual 10G & 1G,829.00$,5 out of 5,Seller is Newegg,"Deep Micro-ATX (9.6"" x 10.5"") Support single Socket (LGA 4926), supports Ampere Altra Max/Ampere Altra processors Support 8 DIMM slots (1DPC), supports DDR4 288-pin RDIMM, LRDIMM Support 4 PCIe4.0 x16* Support 4 SlimSAS (PCIe4.0 x8) Support 2 OCuLink (PCIe4.0 x4) Support 2 M.2 (PCIe4.0 x4) Support 2 RJ45 (10GbE) by Intel® X550 Support 1 RJ45 (1GbE) by Intel® i210 Remote Management (IPMI) Support ATX PSU or 12V DC-IN"
https://www.newegg.com/asus-vu279hfi-w-27-fhd-digital-signal-frequency-hdmi-30-109-khz-48-100-hz-ips-white/p/N82E16824281349,"ASUS VU279HFI-W Eye Care Monitor – 27 inch Full HD (1920 x 1080), IPS, 100Hz, SmoothMotion, Adaptive Sync, Nano-ion, Eye Care Plus technology, Blue Light Filter, Flicker Free",2099.90$, out of 5,Seller is Newegg,"27"" Full HD frameless design with IPS 178° wide viewing angle panel Built-in Nano-ion generator to enhance air quality in indoor environment SmoothMotion technology with up to 100Hz refresh rate and 1ms MPRT eliminate tracing and ensure crisp and clear video playback and daily usage Green sustainability with paper packaging and energy-efficient performance that meets environmental standards Eye Care Plus technology and TUV Rheinland-certified adjustable Blue Light Filter and ASUS Flicker Free technology ensure comfortable viewing"
https://www.newegg.com/blue-microphones-yetiwhiteout-usb-connector/p/N82E16836431029,"Logitech for Creators Blue Yeti USB Microphone for PC, Podcast, Gaming, Streaming, Studio, Computer Mic - Whiteout",99.99$,4.5 out of 5,Seller is Newegg,"Custom three-capsule array: produces clear, powerful, broadcast-quality sound for YouTube, game streaming, podcasting, Skype calls and music	 Four pickup patterns: cardioid, Omni, bidirectional, and stereo pickup patterns offer incredible flexibility, allowing you to record in ways that would normally require multiple microphones	 Onboard audio controls: studio controls for headphone volume, pattern selection, instant mute, and microphone gain put you in charge of every level of the recording and streaming process	 Legendary Blue Broadcast sound: makes the professional difference for recording, streaming and building your audience	 Unique position able design: adjust and pivot the microphone in relation to the sound source to optimize your sound quality	 Plug 'N play on Mac and PC: instantly start recording and streaming on Mac or PC"
https://www.newegg.com/neutral-hp-cf064a-cleaning-and-maintenance-kits/p/N82E16828999287,"HP CF064A 110V Maintenance Kit for HP LaserJet Enterprise Printer 600, M601, M602, M603",251.14$,1 out of 5,Seller is TripleNetPricing,"HP CF064A Maintenance Kit 225,000 Page Yield Included in box: 110V fuser; Rollers (transfer, pick-up and feed); Installation guide Product box may differ from actual product box received"
https://www.newegg.com/creative-t100-wired-with-bluetooth-wireless-2-0/p/N82E16836116215,"Creative T100-2.0 Compact Hi-Fi Desktop Speakers, up to 80W Peak Power with Bluetooth 5.0, Optical-in, AUX-in, Wide Soundstage and Audio Clarity with Bass Control for Computers and Laptops (Black)",109.99$,4.3 out of 5,Seller is Newegg,"MINIMALISTIC 2.0 COMPUTER SPEAKERS - Elegant and minimalistic design that fits into any desktop setting. Perfect for desktop computers and laptops with limited tabletop space SIMPLE SETUP WITH MULTIPLE CONNECTIVITY OPTIONS - Simply connect T100 via a myriad of connectivity options such as wireless Bluetooth 5.0, 3.5 mm AUX-in, Optical-in for PS4 Pro, and USB flash drives (supports FLAC for hi-res lossless audio, WMA, and MP3 formats) WIDE SOUNDSTAGE AND SUPERIOR AUDIO CLARITY - Specially tuned to bring out a truly immersive and room-filling audio experience, enjoy wide, lifelike soundstage with incredible depth and audio clarity. Our proprietary BasXPort technology further enhances the bass for rich, deep tones without the need for a subwoofer POWERFUL 40W RMS DIGITAL AMPLIFIER - Furnished with 2.75” full-range drivers with built-in digital amplifier that fires up to 40W RMS and peak power of up to 80W. Enjoy detailed vocals and catch details that you have been missing before"
https://www.newegg.com/corsair-liquid-cooling-icue-link-277mm-amd-am5-am4-strx4-intel-1700-1200-115x-2066-2011-3-2011-white/p/N82E16835181370,"CORSAIR iCUE LINK H100i RGB Liquid CPU Cooler - QX120 RGB Fans - White - 240mm Radiator - Fits Intel LGA 1851, 1700, AMD AM5 - iCUE LINK System Hub Included",99.99$,4.3 out of 5,Seller is Newegg,"Simplified all-in-one CPU cooling with iCUE LINK Chain your iCUE LINK components together with fewer cables QX RGB fans with 34 LEDs per fan PWM fan speeds up to 2,400 RPM with Zero RPM mode support 240mm radiator Pre-applied CORSAIR XTM70 thermal paste Split-flow copper cold plate with micro-skived fins (128 fins/in) iCUE LINK System Hub included for use with iCUE software Extended tubing length of 400mm for easy installation LGA 1851, 1700, 1200, 115X, and 2066, plus AMD Socket AM5, AM4, and sTR4 Upgradeable to LCD screen with iCUE LINK AIO LCD Upgrade Kit Rotatable CORSAIR sails logo disk Five-year warranty"
https://www.newegg.com/logitech-910-005289-g305-wireless/p/N82E16826197309,"Logitech G305 LIGHTSPEED Wireless Gaming Mouse, Hero 12K Sensor, 12,000 DPI, Lightweight, 6 Programmable Buttons, 250h Battery Life, On-Board Memory, PC/Mac - White",47.99$,4.6 out of 5,Seller is Cloud Computing LLC,"HERO Gaming Sensor: Next-gen HERO mouse sensor delivers up to 10x the power efficiency over other gaming mice with exceptional accuracy and responsiveness thanks to 400 IPS precision and up to 12000 DPI sensitivity LIGHTSPEED Wireless: Ultra-fast LIGHTSPEED Wireless technology gives you a lag-free gaming experience. The G305 wireless gaming mouse delivers incredible responsiveness and reliability with a super-fast 1ms report rate for competition-level performance Ultra-Long Battery Life: The G305 wireless Logitech mouse boasts an incredible 250 hours of continuous gameplay on a single AA battery so you can play at peak performance without worrying about running out of power Lightweight design: Thanks to an efficient mechanical design, the G305 gaming mouse weighs in at only 99 grams for high manoeuvrability Portable Convenience: The durable, compact design with built-in USB receiver storage makes the G305 means you can take it with you."
https://www.newegg.com/asrock-rack-ec266d2i-supports-intel-xeon-e-2400-series-and-intel-pentium-gold-g7400-g7400t-processors/p/N82E16813140140,ASRock Rack Server Motherboard EC266D2I Mini-ITX 2x 1GLan Single Socket V1 (LGA 1700) Intel Xeon E-2400 series,329.00$,1 out of 5,Seller is Newegg,"Mini-ITX (6.7"" x 6.7"") Support Intel Xeon E-2400 series and Intel® Pentium® Gold G7400/G7400T processors Support 2 DIMM slots (1DPC), DDR5 ECC UDIMM Support 1 PCIe5.0 x16 Support 1 OCuLink (PCIe4.0 x4 or SATA 6Gb/s) Support 1 OCuLink (PCIe3.0 x4 or SATA 6Gb/s) Support 1 M.2 (PCIe4.0 x4) Support up to 8 SATA 6Gb/s Support 2 RJ45 (1GbE) by Intel® i210 Remote Management (IPMI)"
https://www.newegg.com/trendnet-tpe-119gi-poe-injector/p/N82E16833980132,"TRENDnet Gigabit PoE++ Injector, Convert A Non-PoE Port To A PoE++ Gigabit Port, PoE (15.4W), PoE+ (30W), Or PoE++ (95W), Up to 100m (328 ft), Integrated Power Supply, Black, TPE-119GI",54.99$, out of 5,Seller is Tech Provisions,"Converts a non-PoE port to a PoE++ Gigabit port Supplies PoE (15.4W), PoE+ (30W), or PoE++ (95W) Integrated power supply Network a PoE device up to 100m (328 ft.) away Save on installation and equipment costs IEEE 802.3af/at/bt compliant"
https://www.newegg.com/asus-tuf-gaming-tuf-rtx5070-o12g-gaming-nvidia-geforce-rtx-5070-12gb-gddr7/p/N82E16814126758,ASUS TUF Gaming GeForce RTX 5070 OC 12GB 192-Bit GDDR7 PCI Express 5.0 DLSS 4.0 Graphics Card TUF-RTX5070-O12G-GAMING,739.99$,4.4 out of 5,Seller is Newegg,12GB 192-Bit GDDR7 2 x HDMI 2.1b 3 x DisplayPort 2.1b 6144 Cores CUDA Cores PCI Express 5.0 x16
https://www.newegg.com/black-kyocera-dr400-imaging-drums-and-photoconductors/p/N82E16817102611,Brother DR400 Drum Unit,196.49$,4 out of 5,Seller is Newegg,"Drum Unit Only, Toner not included Mode #: DR-400 Single Pack Approx page yield per cartridge: 20,000 Compatible with: DCP-1200, DCP-1400, HL-1230, HL-1240, HL-1250, HL-1270N, HL-1435, HL-1440, HL-1450, HL-1470N, IntelliFax-4100, IntelliFax-4100e, IntelliFax-4750, IntelliFax-4750e, IntelliFax-5750, IntelliFax-5750e, MFC-8300, MFC-8500, MFC-8600, M"
https://www.newegg.com/asus-rt-be92u-ieee-802-11a-ieee-802-11b-ieee-802-11g-wifi-4-wifi-5-wifi-6-wifi-6e-wifi-7-ipv4-ipv6/p/N82E16833320608,"ASUS BE9700 Tri-band WiFi 7 Router, supports new 320MHz bandwidth & 4096-QAM, Multi-link operation (MLO), AI WAN detection, AiMesh support, subscription-free network security, and comprehensive VPN features, Smart Home Master",249.99$, out of 5,Seller is Newegg,"ASUS BE9700 Tri-band WiFi 7 Router, supports new 320MHz bandwidth & 4096-QAM, Multi-link operation (MLO), AI WAN detection, AiMesh support, subscription-free network security, and comprehensive VPN features, Smart Home Master"
https://www.newegg.com/amd-epyc-9175f-socket-sp5/p/N82E16819113871,AMD EPYC 5th Gen 9005 Series (Sixteen Core) 16 Core - Model 9175F AMD -  EPYC-  Processor - 320 TDP - Total Threads: 32 - Socket SP5 -  L3 Cache - 512MB Memory,2550.99$,5 out of 5,Seller is High Performance Tech,The processor features Socket SP5 socket for installation on the PCB EPYC product line processor for better usability and increased efficiency 512 MB of L3 cache memory offers great system performance and avoids interruptions while executing complex and critical tasks Hexadeca-core (16 Core) processor core allows multitasking with great reliability and fast processing speed Processor with 4.20 GHz clock speed for reliable and fast execution of instructions to ensure maximum convenience and feasibility
https://www.newegg.com/startech-com-glclhsmdstta/p/N82E16833114197,StarTech.com GLCLHSMDSTTA Cisco GLC-LH-SMD Compatible SFP Module - 1000BASE-LX/LH Fiber Transceiver,49.99$, out of 5,Seller is Newegg,"With 1000Base-LX/LH technology, enjoy up to 1000Mbps data transfer rate over optical fiber cable Lets you conveniently connect to the 1.25 gigabit ethernet Ethernet technology to offer maximum productivity Supports optical fiber cable for durable performance, minimal signal loss, and fast data transfers to greater distances With a single wavelength of light, the single mode fiber optic can carry data and transmit audio/video applications over miles of distance SFP (mini-GBIC) offers better usage with maximum efficiency and convenience SFP (mini-GBIC) with optical network application/usage for maximum productivity and usability Hot-pluggable form factor allows hassle-free and easy usage with increased efficiency"
https://www.newegg.com/black-startech-14-ft-consumer-electronics/p/N82E16812400700,StarTech.com C6ASPAT14BK 14 ft. Cat 6A Black Shielded Cat 6a Cables,18.99$,5 out of 5,Seller is Newegg,14 ft Black CAT6a Ethernet cable w/ 100% copper delivers 10 gigabit network connection|Fluke tested to comply w/ ANSI/TIA-568-D Category 6 requirements Shielded pairs protect against crosstalk noise and electromagnetic interference 26 AWG stranded copper conductors|Up to 100W for PoE applications|Built w/ ETL and UL verified wire (E132276-A) 50-micron gold-plated RJ45 connectors provide clear signals stop rust/corrosion Snagless connector patch cord easily pulls through wiring conduit
https://www.newegg.com/p/14G-000G-00089,6 Port SATA III to PCIe 3.0 x1 NON-RAID Expansion Card,59.99$,1.7 out of 5,Seller is Newegg,"Supports 6-port 6Gb/s SATA III interface,Supports Port Multiplier,Supports Hot-Plug,Supports drive power control and staggered spin-up.Supports SATA Partial / Slumber power management state. Compliant with Serial ATA AHCI (advanced host controller interface) Specification Rev 1. 0, supports SATA 3. 0 transfer rate up to 6Gbps. Maximum sequencing read/ write speed 850 MB/s. Micron JMB582 Chipset, Port Multiplier FIS-based and Command-based switching supported. Hot plug and Hot swap SATA ports. Support Gen 1i, Gen 1x, Gen 2i, Gen 2m, Gen 2x, and Gen 3i. Compatible with Windows XP/7/8/10/Mac/NAS/Linux OS. No driver installation is required. Support install Windows OS from Win10 PE."
https://www.newegg.com/nzxt-rl-kr240-w1-kraken-275-intel-socket-lga-1700-1200-115x-amd-socket-am5-am4-strx4-tr4-white/p/N82E16835146121,NZXT Kraken RGB 240mm - RL-KR240-W1- AIO RGB CPU Liquid Cooler - LCD Display - 2 x F120RGB Core Fans Radiator Fans White LGA 1851 / AM5 Compatible,161.99$,4.3 out of 5,Seller is Newegg,"PERFORMANCE IN REAL TIME: Proudly display custom images and system specs in real time. The 1.54"" diameter LCD display screen provides a clean image. STAY COOL: Powerfully quiet F RGB Series Static Pressure fans provide cooling with superior heat dissipation capability. The 7th gen Asetek pump ensures your Kraken stays cool and quiet at 2800 RPM. SIMPLE INSTALL: Setup is made simple with a single breakout cable that takes the guesswork out of the installation process. The liquid tubes are protected with reinforced nylon-braided sleeves for added durability and worry-free handling. NZXT CAM-READY: Personalize screen content with custom images or performance info with user-friendly NZXT CAM software. Control fan and pump speeds and run at 0 RPM mode at low temperatures to eliminate fan noise."
https://www.newegg.com/creative-pebble-plus-wired-2-1/p/N82E16836116213,"Creative Pebble Plus 2.1 USB-Powered Desktop Speakers with Powerful Down-Firing Subwoofer and Far-Field Drivers, Up to 8W RMS Total Power for Computer PCs and Laptops (Black)",54.99$,4.4 out of 5,Seller is Newegg,"POWERFUL DOWN-FIRING SUBWOOFER | The Creative Pebble Plus features a newly designed standalone 4” down-firing ported subwoofer for remarkable power and depth, providing a significant audio performance upgrade over its predecessor 45° ELEVATED DRIVERS | Featuring 2” mid-range drivers that are elevated at 45°, the Pebble Plus speakers are specifically angled towards you, providing the best soundstage while ensuring that you are the centre of attention HIGH GAIN MODE | Bring out the most of the Creative Pebble Plus! With a simple switch of a button, access the High Gain Mode to increase the power output to 8W RMS with a 5V 2A USB adapter (not included) for stronger bass performance and room-filling audio — at no loss to audio quality EASY ACCESS VOLUME CONTROLS | The volume controls are conveniently located at the front of the speakers for easy and hassle-free access"
https://www.newegg.com/msi-roamii-mesh-wifi-system/p/N82E16833158041,"MSI Roamii BE Lite Mesh System - 2 Pack (WiFi 7, BE 5000, Up to 5,800 sq.ft. of Coverage, Supporting 120+ Devices, 2.5Gbps Ethernet Port, MU-MIMO MLO)",229.99$,5 out of 5,Seller is Newegg,"WiFi 7 - The latest WiFi standard featuring ML, 4K-QAM and MU-MIMO Dual-band 5Gbps - 4323 Mbps at 5GHz and 688 Mbps at 2.4GHz Roamii whole home WiFi - Build a unified home network with up to 5,800 sq ft of coverage, supporting 120+ devices MLO - Provides multiple band streams to a single device, boosting throughput and reducing latency for a faster and more reliable connection 2.5Gbps Ethernet port - One 2.5Gbps Ethernet port and two 1Gbps Ethernet ports Wall-mounting kit included - Place Roamii on desktop or mount it on wall as you desire"
https://www.newegg.com/corsair-sf-series-cp-9020257-na-1000-w-80-plus-platinum-certified/p/N82E16817139332,"Corsair SF Series (2024) SF1000, 80 PLUS Platinum, Fully Modular SFX Power Supply, CP-9020257-NA",139.00$,4.5 out of 5,Seller is Newegg,"80 PLUS Platinum rated SFX power ATX 3.1 Compliant & PCIe 5.1 ready Fully modular, Type-5 Micro-Fit PSU connectors 92mm PWM cooling fan 105°C Rated Japanese capacitors Zero RPM Mode 50°C Continuous operating temperature SFX-to-ATX bracket Seven-year warranty"
https://www.newegg.com/rosewill-rgbf-23001-case-fan-120-mm-18-rgb-led-led/p/N82E16835200140,"Rosewill RGBF-23001 120mm Dual Ring Addressable RGB Case Fan Hub Set, True RGB LED Case Fans (5-Pack) and 8-Port Fan Hub, Ultra Quiet Cooling with Long Life Rifle Bearings",39.99$,4 out of 5,Seller is Newegg,"True RGB: Light up your battlestation with 16.8 million colors of nearly unlimited customization Software Controllable: Certified compatible motherboard RGB synchronization with ASUS Aura Sync, MSI Mystic Light Sync and GIGABYTE RGB Fusion Ready Add More: Connect RGB fan hub with up to 8 compatible fans (controlled by addressable 5V RGB motherboard headers only) and 2 LED light strips; must use with included fans or Rosewill RGBF-S12002 (1-pack) 120mm fans RGB Remote Controller: Includes 20-key remote control for instantly adjusting LED backlight effects, colors, brightness and fan speed Stylish Dual Rings: Upgrade the look of your gaming PC with vibrant RGB LED dual ring fans that quietly cool and optimize airflow via low noise and increased lifespan rifle bearings"
https://www.newegg.com/tp-link-tg-3468/p/N82E16833704060,"TP-Link 10/100/1000Mbps Gigabit Ethernet PCI Express, PCIE Network Adapter / Network Card / Ethernet Card for PC, Win10 supported (TG-3468)",14.89$,4.6 out of 5,Seller is IEmall,"Ultra-Fast: 10/100/1000Mbps PCIe Adapter upgrade your Ethernet speed to Gigabit Automation: Wake-on-LAN supporting Auto-Negotiation and Auto MDI/MDIX Supports: IEEE802.3x Flow Control for Full-duplex Mode and backpressure for Half-duplex Mode; 4k Bytes Port: 1x 10/100/1000Mbps RJ45 Network Media System Requirements : Windows 7 (32/64 bits) , Windows Vista (32/64 bits), Window XP ( 32/64 bits) Dual Bracket: Low profile and standard profile bracket inside works with both mini and standard size PCs. Industry Leading Support: 2-year warranty and free 24/7 technical support From Reliable Brand: TP-Link has been ranked as the World’s No. 1 provider of WLAN products for the past consecutive 7 years by IDC. In 2017."
https://www.newegg.com/amd-epyc-9634-socket-sp5/p/N82E16819113823,AMD EPYC 9004 (4th Gen) 9634 Tetraoctaconta-core (84 Core) 2.25 GHz Processor - 384 MB L3 Cache - 84 MB L2 Cache - 64-bit Processing - 3.70 GHz Overclocking Speed - Socket SP5 No Graphics - OEM,7399.99$, out of 5,Seller is Newegg,Processor provides dependable and fast execution of tasks with maximum efficiency EPYC product line processor for better reliability and ensure maximum productivity EPYC product line processor for your convenience and optimal usage 84 MB L2 + 384 MB L3 cache memory offers great system performance and avoids interruptions while executing complex and critical tasks 84 MB L2 + 384 MB L3 cache memory provides excellent hit rate in short access time enabling improved system performance 384 MB of L3 cache memory offers great system performance and avoids interruptions while executing complex and critical tasks Tetraoctaconta-core (84 Core) processor core efficiently handles data to ensure quicker transfer of information with maximum usability Tetraoctaconta-core (84 Core) processor core allows multitasking with great reliability and fast processing speed
https://www.newegg.com/thermaltake-cl-p075-al12bl-a/p/N82E16835106666,"Thermaltake TOUGHAIR 510 180W TDP CPU Cooler, Intel/AMD Universal Socket (LGA 1200/1700), Dual 120mm 2000RPM High Static Pressure PWM Fan with High Performance Copper Heat Pipes LGA 1700 Ready",59.99$,4 out of 5,Seller is Newegg,"TOUGHAIR 510 is a single tower duel fan designed air cooler with 4 heat pipes running through the fins, the U-shape heat pipes increase heat circulation creating better heat dissipation in your system and supports up TOUGHAIR series utilizes high static pressure fans, which leverages the TOUGHFAN 12 design and boosts the fan speed to 2000 RPM, providing a new level of cooling performance to our CPU cooler. 4 x Ø6 mm heat pipes directly touch the CPU and thermal paste, providing direct and outstanding heat dissipation to the CPU. Asymmetric Fin Structure LGA 1700 Ready"
https://www.newegg.com/gigabyte-ms73-hb1-4th-gen-intel-xeon-scalable-5th-gen-intel-xeon-scalable/p/296-0006-00072,GIGABYTE MS73-HB1 Server Motherboard Socket E LGA 4677 4th Gen. Intel® Xeon® Scalable DP Motherboard,963.99$, out of 5,Seller is Newegg,"4th Gen. Intel® Xeon® Scalable Processors Intel® Xeon® CPU Max Series Dual processor, LGA 4677 8-Channel RDIMM DDR5 per processor, 16 x DIMMs Supports Intel® Optane Persistent Memory 300 series Intel® C741 Chipset 2 x 1Gb/s LAN ports (Intel® I210-AT) 1 x Dedicated management port 3 x SlimSAS with 12 x SATA 6Gb/s ports 2 x 7-pin SATA DOM 6Gb/s ports 2 x M.2 slots with PCIe Gen4 x4 interface 6 x PCIe Gen5 x16 expansion slots"
https://www.newegg.com/hpe-jw054a-tools-and-hardware/p/N82E16833998238,HPE JW054A AP-270-MNT-H1 AP-270 Series Outdoor AP Hanging or Tilt Install Mount Kit,114.75$, out of 5,Seller is Newegg,JW054A Tools and Hardware
https://www.newegg.com/athena-power-p1u-5520k-520w/p/N82E16817338122,Athena Power Zippy P1U-5520K 520W 1U Single IPC/Server Power Supply - 80Plus Platinum - OEM,418.00$, out of 5,Seller is Newegg,520W Single ATX Connector 24 (20+4) Pin x 1 P4-12V 4Pin x 1 EPS 12V 8Pin x 1 SATA 15Pin x 2 Molex 4Pin x 4 Floppy 4Pin x 2 PMBus 5Pin x 1
https://www.newegg.com/amd-epyc-9655p-socket-sp5/p/N82E16819113872,AMD EPYC 5th Gen 9005 Series (Ninety-Six-Core) 96 Core - Model 9655P AMD - EPYC - Processor / Clock Speed: 2.6 - Total Threads: 192 - Socket SP5 - L3 Cache - 384MB Memory,6234.00$,5 out of 5,Seller is High Performance Tech,The processor features Socket SP5 socket for installation on the PCB EPYC product line processor for better usability and increased efficiency 384 MB of L3 cache memory provides excellent hit rate in short access time enabling improved system performance Hexanonaconta-core (96 Core) processor core efficiently handles data to ensure quicker transfer of information with maximum usability Processor with 2.60 GHz clock speed for quick and dependable processing of data to ensure maximum productivity
https://www.newegg.com/asrock-rack-spc741d8ud-2t-x550-4th-gen-intel-xeon-scalable-5th-gen-intel-xeon-scalable/p/N82E16813140120,ASRock Rack SPC741D8UD-2T/X550 Deep Micro-ATX Server Motherboard Single Socket 4th Gen Intel® Xeon® Scalable Processors (LGA 4677) C741 4 PCIe gen5 Dual 10G Lan,674.00$, out of 5,Seller is Newegg,"Deep Micro-ATX (10.4"" x 10.5"") Support 4th Gen Intel® Xeon® Scalable Processors  (LGA4677) Support 8 DIMM slots (1DPC), DDR5 RDIMM/ RDIMM-3DS Support 4 PCIe5.0 / CXL1.1 x16 Support 2 MCIO (PCIE5.0 x8) Support 1 M.2 (PCIe3.0 x4 or SATA 6Gb/s) Support up to 9 SATA 6Gb/s Support 2 RJ45 (10GbE) by Intel X550-AT2 Support ATX PSU or 12V DC-in Remote management (IPMI)"
https://www.newegg.com/black-istarusa-d-260hn/p/N82E16811165610,"iStarUSA D-260HN Black Aluminum 2U Rackmount Compact 6x 3.5"" Bay Trayless Hotswap microATX Chassis",368.99$, out of 5,Seller is Newegg,"3.5"": 6 Hot-Swap Drive Bays 1 80mm Fans"
https://www.newegg.com/asrock-rack-genoad8x-2t-bcm/p/N82E16813140127,ASRock Rack GENOAD8X-2T/BCM Motherboard,999.00$, out of 5,Seller is Newegg,"EEB (12.63"" x 13"") Single Socket SP5 (LGA 6096), supports AMD EPYC™ 9005*/9004 (with AMD 3D V-Cache™ Technology) and 97x4 series processors 8 DIMM slots (1DPC), supports DDR5 RDIMM, RDIMM-3DS 4 PCIe5.0 / CXL2.0 x16*, 3 PCIe5.0 x16, 1 PCIe5.0 x8** 2 MCIO** (PCIe5.0 x4 or 4 SATA 6Gb/s), 1 MCIO (PCIe5.0 x4 or 4 SATA 6Gb/s), 1 MCIO* (PCIe5.0 x4) Supports 1 M.2 (PCIe5.0 x4 or SATA 6Gb/s), 1 M.2* (PCIe5.0 x4) Up to 16 SATA 6Gb/s 2 RJ45 (10GbE) by Broadcom BCM57416 Remote Management (IPMI)"
https://www.newegg.com/rosewill-cmg1200g5-1200-w-80-plus-gold-certified/p/N82E16817182454,"Rosewill CMG5 1200W, ATX 3.0 & 3.1 Compatible, 80+ Gold Full Modular Power Supply, PCIe 5.0 600W 12V-2x6 Connector, Japanese Capacitor, 120mm FDB Fans - CMG1200G5",129.99$,4.1 out of 5,Seller is Newegg,Intel ATX 3.0 & 3.1 Ready Fully Modular 80 PLUS® Gold Certified Native 600W PCIe 5.0 / Gen 5 12+4 Pin 12V-2x6 Cable Up to 235% Power Excursion & 300% GPU Power Excursion
https://www.newegg.com/zotac-gaming-zt-a30510g-10l-nvidia-geforce-rtx-3050-6gb-gddr6/p/N82E16814500586,"ZOTAC GAMING GeForce RTX 3050 6GB GDDR6 Solo 96-bit 14 Gbps PCIE 4.0 Super Compact Gaming Graphics Card, ZT-A30510G-10L",199.99$,3.9 out of 5,Seller is Newegg,"NVIDIA Ampere architecture, 2nd Gen Ray Tracing Cores, 3rd Gen Tensor Cores 6GB 96-bit GDDR6, 14 Gbps, PCIE 4.0 x8 Super compact design. Dual-slot. PCIe Bus Powered. Fits in 99% of available PC cases 8K Ready, 4 Display Ready, HDCP 2.3 3 x DisplayPort 1.4a, 1 x HDMI 2.1, DirectX 12 Ultimate, Vulkan RT API, OpenGL 4.6 Boost Clock 1470 MHz"
https://www.newegg.com/black-istarusa-s-917/p/N82E16811165597,"iStarUSA S-917 Black Aluminum / Steel Tower Compact Stylish mini-ITX Tower 7 External 5.25"" Drive Bays",199.00$,3.5 out of 5,Seller is Newegg,"7 External 5.25"" Drive Bays 1 120mm Fans"
https://www.newegg.com/ubiquiti-networks-usw-flex/p/0XP-000A-00316,Ubiquity Flex USW-Flex (46W),115.75$,4 out of 5,Seller is IPC Store,"Flexible 5-port, Layer 2 PoE switch for indoor and outdoor use, that can be powered with PoE++. (4) GbE PoE+ ports (1) GbE PoE++ input port for power — 46W PoE availability* PoE++ input — 20W PoE availability PoE+ input — 8W PoE availability PoE input Indoor/Outdoor *When powered with a PoE++ switch or a 60W PoE adapter (sold separately)."
https://www.newegg.com/intel-xeon-e-2374g-lga-1200/p/N82E16819118406,Intel Xeon E  E-2374G Quad-core (4 Core) Rocket Lake 3.7 GHz 8MB L3 Cache LGA 1200 80W BX80708E2374G Server Processor - Retail Box,389.99$, out of 5,Seller is Newegg,Total Cores: 4 Total Threads: 8 Max Turbo Frequency: 5.00 Ghz Base Frequency: 3.70 Ghz Cache: 8 Mb INTEL Smart Cache Bus Speed: 8 Gt/s Tdp (thermal Design Power): 80 W
https://www.newegg.com/black-startech-com-16-40-ft-see-details/p/N82E16812400672,StarTech.com 5m 15 ft Active USB 3.0 USB-A to USB-B Cable - M/M - USB A to B Cable - USB 3.1 Gen 1 (5 Gbps),95.56$, out of 5,Seller is NothingButSavings,Connect USB 3.0 devices up to 5m away with no signal loss 15' USB 3.0 A to B Cable 5m USB 3.0 Cable M/M 15 ft Active USB 3.0 USB-A to USB-B Cable USB A to B Cable USB 3.1 Gen 1 (5 Gbps) Designed to exceed standard USB 3.0 cable lengths Connect a USB Type-B device (hard drive enclosure or docking station or video capture device or etc.) to a USB 3.0 capable desktop or laptop or server beyond the 3-meter limit of standard cables
https://www.newegg.com/startech-com-j4858cst/p/N82E16833114174,StarTech.com HPE J4858C Compatible SFP Module - 1000BASE-SX - 1GE Gigabit Ethernet SFP 1GbE Multi Mode (MMF) Fiber Optic Transceiver 550m,47.99$, out of 5,Seller is Newegg,"100% HPE J4858C COMPATIBLE: Works with HPE switches like 1400, 1700, 1820, 2520, 2530 and others TECHNICAL SPECS: 1000BASE-SX | 1Gbps | Multi Mode (MMF) | LC Connector | 850nm | Digital Diagnostic Monitoring (DDM) | Distances up to 550m (1804ft) TESTED FOR OEM HOST COMPATIBILITY: Hot-swappable in HPE routers and switches; DDM support reports the transceiver's status to most SNMP network management tools LIFETIME WARRANTY: Backed by a lifetime warranty on the life of the module itself - not the life of your switch. Our modules won't void your OEM warranty and supported by our Tech Advisors 5/24 WORKS WITH MSA COMPLIANT SWITCHES: Also works with switch models from Ubiquiti, D-Link, Netgear, Supermicro, TP-Link and more that accept uncoded modules"
https://www.newegg.com/msi-pro-mt81d-mount-matte-black/p/N82E16824960024,"MSI PRO MT81D - Premium Aluminum Dual Monitor Stand Arms, Supports 17-32"" & 17.6 lbs per Screen, VESA Compatible, Adjustable Desk Mount, Clamp & Grommet Base, Quick Release Plate - Black",79.99$,5 out of 5,Seller is Newegg,"Enhance Your Home Setup with the MSI PRO MT81D Premium Aluminum Dual Monitor Stand Arms. Upgrade your home office or entertainment space with our premium dual monitor stand arms. Crafted from durable aluminum, these arms support monitors sized 17-32 inches and up to 17.6 lbs per screen, ensuring stability and versatility. With VESA compatibility and featuring an adjustable desk mount, installation is a breeze, offering both clamp and grommet base options. Plus, enjoy the added peace of mind with our comprehensive 3-year coverage. Elevate your home setup today with the sleek black design of the MSI PRO MT81D."""
https://www.newegg.com/msi-mag-coreliquid-e240-black-277mm-lga-1700-am5/p/N82E16835846048,"MSI MAG CoreLiquid E240 Black - AIO ARGB CPU Liquid Cooler - Rotating Cap Design - 240mm Radiator - Dual 120mm ARGB PWM Fans - LGA 1851,1700 Ready / AM5 Compatible",109.99$,4.4 out of 5,Seller is Newegg,The enlarged copper base surface area helps to achieve ultimate heat exchange with the latest CPU generation Maximize micro channels to dissipate heat efficiently Rotatable water block cap for 270 degree. ARGB fan can change the lighting by MSI center. Enhanced fan performance to dissipate heat quickly. Pump is separating the rooms of cool water and hot water to avoid mixing water temperatures and effectively reduce the heat source. Durable three phase motor of the pump generates minimal vibrations for long lasting operation. Spilt pathway through the radiator rapidly dissipates heat.
https://www.newegg.com/lg-27gx790a-b-aus-27-qhd-480-hz-ultragear-oled-black/p/N82E16824026450,"LG UltraGear 27"" 480 Hz OLED QHD Gaming Monitor 0.03ms FreeSync Premium & G-Sync Compatible 2560 x 1440 (2K) DCI-P3 98.5%",999.99$,4.2 out of 5,Seller is Newegg,"27"" QHD (2560 x 1440) OLED Display 480Hz refresh rate & 0.03ms (GtG) response time DisplayPort 2.1 NVIDIA G-SYNC compatibility AMD FreeSync Premium Pro VESA DisplayHDR True Black400 and 1.5M:1 contrast ratio"
https://www.newegg.com/msi-mpg-mt201dr-mount-iron-grey/p/N82E16824960026,"MSI MPG MT201DR - Premium RGB Dual Monitor Stand Arms, 17-35"" Support, VESA Compatible, Adjustable Heavy Duty Gas Spring Mount, 44 lbs per Screen Capacity, Clamp & Grommet, Quick Release Plate - Gray",229.99$,4.8 out of 5,Seller is Newegg,"Elevate Your Workspace with the MSI MPG MT201DR Premium RGB Dual Monitor Stand Arms. Experience the ultimate in ergonomic comfort and productivity with our fully adjustable heavy-duty gas spring mount. Perfect for monitors sized 17-35 inches, each arm boasts a capacity of 44 lbs per screen, ensuring stability and versatility. Compatible with VESA mounting standards (100x100 and 75x75), installation is a breeze with the quick-release plate. Enhance your setup with sleek gray aesthetics. Plus, enjoy peace of mind with our 3-year coverage."
https://www.newegg.com/hp-j3263a/p/N82E16828999713,HP J3263A JetDirect 300X ENET External 10/100 Single Port RJ45 RJ45 LPT,150.00$, out of 5,"Seller is E.O.L. Tech Inc,.",RJ45 LPT 10/100Mbps
https://www.newegg.com/startech-com-poeinj1g90w-poe-injector/p/N82E16833996456,"StarTech.com Industrial Gigabit PoE Injector, POEINJ1G90W",215.99$, out of 5,Seller is Newegg,"WIDE STANDARD COMPATIBILITY: High speed Industrial Gigabit PoE Injector compatible with IEEE 802.3bt (PoE++) and previous 90W proprietary POE standards including Cisco uPoE, Bosch & AXIS 90W POWER BUDGET: Provides up to 90W of auto-negotiated power output for Type 3 and Type 4 PoE/Ultra/UPoE applications like tilt and pan cameras and high power IEEE 802.11ax wireless access points TECH SPECS: 1 Gbps; 52V-56VDC Power Input; IEEE 802.3af, IEEE 802.3at, IEEE 802.3bt 90W max, uPoE, 10/100/1000 Mbps Auto Negotiation, DIN/Wall Mountable, Redundant Power Input ROBUST DESIGN: Industrial Power over Ethernet Injector w/MTBF of 500,000+hrs @ 50C; Vibration, shock & free fall rated; Rugged IP-30 aluminum housing; Hardened operating temp of -40C to 75C THE IT PRO'S CHOICE: Designed and built for IT Professionals, this TAA compliant PoE Injector is backed for 2-years, including free lifetime 24/5 multi-lingual technical assistance"
https://www.newegg.com/msi-rtx-3050-gaming-x-6g-nvidia-geforce-rtx-3050-6gb-gddr6/p/N82E16814137877,MSI Gaming GeForce RTX 3050 6GB GDDR6 PCI Express 4.0 x8 ATX Graphics Card RTX 3050 GAMING X 6G,199.99$,5 out of 5,Seller is Newegg,6GB 96-Bit GDDR6 Boost Clock 1507 MHz 2 x HDMI 2.1 1 x DisplayPort 1.4a 2304 Cores CUDA Cores PCI Express 4.0 x8
https://www.newegg.com/corsair-darkstar-wireless-rgb-ch-931a011-na-usb-bluetooth-2-4ghz-wired/p/N82E16826816206,"Corsair DARKSTAR RGB Wireless Gaming Mouse for MMO, MOBA - 26,000 DPI - 15 Programmable Buttons - Up to 80hrs Battery - iCUE Compatible - Black",149.99$,3.3 out of 5,Seller is Newegg,"Six-Button Side Cluster and Strain-Reducing Design: The six-button side cluster is configured in a unique, easy-toreach layout, with an ideally placed textured thumb grip so you can play longer while reducing hand strain 15 Fully Programmable Buttons: An array of programmable buttons, including scroll wheel tilt, ensure all your crucial shots and spells, commands, and abilities are just a click away Hyper-Fast Wireless: Transmit every click in time via sub-1ms SLIPSTREAM WIRELESS or Bluetooth , with 2,000Hz hyper-polling Customize your Play with iCUE: Powerful CORSAIR iCUE software enables dynamic seven-zone RGB lighting customiZation, DPI adjustments, button remapping, and more, all saved on up to five onboard profiles so you can take your custom mouse settings with you anywhere CORSAIR MARKSMAN 26K DPI Optical Sensor: An astonishing native 26,000 DPI, 650 IPS, 50G CORSAIR MARKSMAN optical sensor captures even the most microscopic mouse movements, customisable in single DPI steps"
https://www.newegg.com/black-trendnet-tc-p24c6-office-products/p/N82E16831101005,"TRENDnet 24-Port Cat6 Unshielded Rackmount Patch Panel, TC-P24C6",54.01$,4.9 out of 5,Seller is TELeasy,"Panel RJ45 Gigabit ready rack mount 24-port panel Cat6 patch panels deliver a steady 250 Mhz connection to copper Gigabit switches Ideal for Ethernet, Fast Ethernet and Copper Gigabit Ethernet (100"
https://www.newegg.com/msi-mpg-321urx-qd-oled-32-uhd-240-hz/p/N82E16824475357,"MSI MPG 321URX QD-OLED 32"" 16:9, QD-OLED Gaming Monitor, 240Hz 0.03ms, 3840 x 2160 (UHD), Height Adjustable Arm, RGB, AI ENGINE",949.99$,4.7 out of 5,Seller is Newegg,"Next-Gen QD-OLED Panel - With stunning image quality and fast response time. Fastest 0.03ms GtG response time and 240Hz refresh rate. QD Premium Color - Ensures the color meets the market standard - Delta E<=2. Incredible HDR visual - VESA DisplayHDR True Black 400. Gaming Intelligence App - Create the perfect viewing settings for your games. MSI OLED Care 2.0 - Reduced the risk of OLED image sticking / burn-in. KVM - Control multiple devices via one set of keyboard, mouse, and monitor. Mystic Light - The ultimate gaming finish. Console Mode - Provide HDMI 2.1 with a full 48 Gbps bandwidth. Adjustable Stand - Easily change the position of the monitor for maximum ergonomics. 3-Year Burn-In Warranty - Including coverage for OLED burn in."
https://www.newegg.com/p/330-0006-00037,"Brother QL-800 2.4"" High-speed, Professional Direct Thermal Label Printer, USB, Auto Cutter - White/Black",119.01$,4 out of 5,Seller is BeachAudio,"Print amazing Black/Red labels using DK-2251 Create cost-effective paper labels for packages, envelopes, file folders, name badges, postage and more Convenient, drop-in rolls. No ink or toner needed Prints Brother genuine DK pre-sized, easy-peel labels and continuous-length paper and film tapes. Auto cutter enables banners and signs up to 3 ft. long High-resolution printing (up to 300 x 600 dpi), for crisp text and graphics"
https://www.newegg.com/rosewill-rms-e51-monitor-arms-black/p/N82E16824992233,"Rosewill Single Monitor Mount, Adjustable Monitor Arm Desk Mount Fits 15-32 inch Screen, Holds 19.8lb, Gas Spring Monitor Stand, Full Motion Swivel Monitor Arm with Vesa Mount",39.99$,4 out of 5,Seller is Newegg,"Wide Compatibility Single Monitor Arm: Fits 15-32 inch computer screens, holds 4.4-19.8 lbs. The single monitor arm desk mount is suitable for VESA pattern 75x75 or 100x100mm. Fully Adjustable Single Monitor Stand : The single monitor mount offers tilt range from -90°to +85°, ±90 ° swivel, 360° rotation. Compared with other adjustment methods that make you adjust screws repeatedly. Safer and Sturdier: Rosewill monitor mount focus on improving the strength and stability all the time. Free Up Your Desk Space: Designed with integrated cable management, this single monitor stand will save more than 80% desktop space compared to a monitor holder with heavy-duty base. Easy Installation: Comes with all the necessary hardware and detailed instruction,  C-clamp mounting with desk thickness 0.39?–2.95? or choose grommet mounting with desk thickness 0.39?–2.95?(the hole diameter is 0.39?–2.16?)."
https://www.newegg.com/startech-com-sfp10glrst/p/N82E16833114160,StarTech.com Cisco SFP-10G-LR Comp. SFP+ Module - 10GBASE-LR - 10GE Gigabit Ethernet SFP+ 10GbE Single Mode Fiber SMF Optic Transceiver,270.99$, out of 5,Seller is Newegg,"100% CISCO SFP-10G-LR COMPATIBLE: Works with Cisco switches like Firepower, ASR9000, C9300, C3850, C9500 and others TECHNICAL SPECS: 10GBASE-LR | 10 Gbps | Single Mode (SMF) | LC Connector | 1310nm | Digital Diagnostic Monitoring (DDM) | Distances up to 10km (6.2mi) TESTED FOR OEM HOST COMPATIBILITY: Hot-swappable in Cisco routers and switches; DDM support reports the transceiver's status to most SNMP network management tools OUTSTANDING SUPPORT: Backed by StarTech.com for the life of the module itself, not your equipment; our modules won't void your OEM support and with access to our Tech Advisors 5/24 WORKS WITH MSA COMPLIANT SWITCHES: Also works with switch models from Ubiquiti, D-Link, Netgear, Supermicro, TP-Link and more that accept uncoded modules"
https://www.newegg.com/creative-51mf1700aa001-black/p/N82E16855102096,Creative Pebble V3 2.0 Bluetooth Speaker System - 8 W RMS - Black - Desktop - 100 Hz to 17 kHz - USB,44.99$,5 out of 5,Seller is Newegg,"Significantly enhance the sound from your PC with Creative 2.0 Speaker System 2.0 speakers pass on 8 W of RMS power and rich, clear stereo for incredible acoustics and sound Route your music to your tablet, iPad, smartphone or PC with these Bluetooth compatible Speaker System Connect your devices via the USB port and play your tunes directly"
https://www.newegg.com/wd-black-d10-12tb-usb-3-2-gen-1/p/N82E16822234382,WD Black 12TB D10 Game Drive Desktop External Hard Drive for Xbox USB 3.2 (WDBA5E0120HBK-NESN),$,4.7 out of 5,Seller is Newegg,12TB so you can save and build your Xbox gaming collection up to 300 games. 1-Month membership of Xbox Game Pass Ultimate included with purchase. 7200 RPM drive with active cooling technology and speeds up to 250 MB/s. Two 7.5W USB Type-A charging ports to charge your gaming gear and accessories. Purpose-built for gamers based on WD_BLACK quality and reliability.
https://www.newegg.com/rosewill-rsv-z2900u-silver/p/N82E16811147345,"Rosewill 2U Server Chassis Rackmount Case, 4x 3.5"" Bays, 2x 2.5"" Devices, E-ATX Compatible, 3x 80mm PWM Fans, 2x USB 3.0 - RSV-Z2900U",129.99$,3.6 out of 5,Seller is Newegg,"Roomy Chassis: This 2U server case has 4 internal 3.5"" HDD bays plus 2 additional 2.5"" devices. Expandable & E-ATX Compatible: 7 PCI expansion slots and E-ATX (12 x 13in) compatibility gives you options for expansion. Quiet Cooling: 3 pre-installed 80mm PWM cooling fans at center provide excellent airflow and heat protection at reduced noise. Desired Features: Front panel LED indicators for power, HDD, and LAN status monitoring allow quick, easy visual assessment. Additional utility with 2 USB 3.0 port. Expansion Length: Low profile 150mm & Maximum Height: 69mm"
https://www.newegg.com/tyan-s8050gm2ne-amd-epyc-9000-series/p/N82E16813151350,Tyan Tomcat HX S8050 AMD EPYC 9004 DDR5 S8050GM2NE 1S Compact Server CEB Motherboard,497.32$,5 out of 5,Seller is Newegg,1S AMD EPYC Genoa / Bergamo / Genoa X CPU CEB Form Factor 8 DIMM slots w/ DDR5 4800 memory support Up to 12 SATA ports 5 PCIe 5.0 x16 slots 2 MCIO 8x & 2 MCIO 4x conn. (NVMe) 2 NVMe M.2 22110 / 2280 slots 2 1000Base-T LAN + 1 dedicate 1000Base-T IPMI ports AST2600 BMC with IPMI 2.0 & Redfish support
https://www.newegg.com/p/1B0-002P-00102,Hewlett packard  JetDirect EX Plus External Print Server J2591A,151.19$, out of 5,"Seller is E.O.L. Tech Inc,.",Hewlett packard  JetDirect EX Plus External Print Server J2591A
https://www.newegg.com/black-hp-85a/p/N82E16828115659,HP 85A LaserJet Toner Cartridge - Black,90.99$,4.6 out of 5,Seller is Newegg,"Black Model #: CE285A Single Pack Approx page yield per cartridge: 1600 Compatible with: HP LaserJet P1102, M1132, M1212, M1214, M1217 Series"
https://www.newegg.com/amd-epyc-7453-socket-sp3/p/N82E16819113708,AMD EPYC 7003 (3rd Gen) 7453 Octacosa-core (28 Core) 2.75 GHz Processor - 64 MB L3 Cache - 3.45 GHz Overclocking Speed - Socket SP3 - 225 W - 56 Threads - 100-000000319 - OEM,1543.99$, out of 5,Seller is Newegg,The Socket SP3 socket allows processor to be placed on the PCB without soldering The processor features Socket SP3 socket for installation on the PCB EPYC product line processor for better reliability and ensure maximum productivity EPYC product line processor for your convenience and optimal usage EPYC product line processor for better usability and increased efficiency 64 MB of L3 cache memory offers great system performance and avoids interruptions while executing complex and critical tasks 64 MB of L3 cache memory provides excellent hit rate in short access time enabling improved system performance Octacosa-core (28 Core) processor core efficiently handles data to ensure quicker transfer of information with maximum usability Octacosa-core (28 Core) processor core helps processor process data in a dependable and timely manner with maximum productivity
https://www.newegg.com/addon-network-upgrades-glc-sx-mm-rgd-ao/p/N82E16816516026,"AddOn Cisco GLC-SX-MM-RGD Compatible 1000Base-SX SFP Transceiver (MMF, 850nm, 550m, LC, DOM, Rugged)",50.99$,5 out of 5,Seller is Newegg,Cisco GLC-SX-MM-RGD Compatible SFP form factor and 1-Gigabit speed for reliable connectivity LC connector for use with multi-mode fiber
https://www.newegg.com/blue-c2g-29316-consumer-electronics/p/N82E16812196645,C2G/Cables To Go 29316 Cat6 RJ45 Keystone Jack - Blue,8.54$, out of 5,Seller is Technology Galaxy,Provides a secure cable connection Includes 110-type IDC termination with strain relief caps 50 µinch gold plating on the jack contacts RoHS Compliant
https://www.newegg.com/noctua-nf-a14-pwm-case-fan/p/N82E16835608044,"Noctua NF-A14 PWM, Premium Quiet Fan, 4-Pin (140mm, Brown)",30.80$,4.9 out of 5,Seller is ZerKorr Power,"Premium quiet fan, 140x140x25 mm, 12V, 4-pin PWM, max. 1500 RPM, max. 24.6 dB(A), >150,000 h MTTF Award-winning 140x25mm A-series fan with Flow Acceleration Channels and Advanced Acoustic Optimisation frame for superior quiet cooling performance Square frame design is ideal for water cooling radiators (AIO or DIY), PC cases and other chassis (intake & exhaust), cabinet ventilation, etc. 4-pin PWM version for automatic speed control via 4-pin PWM fan headers, broad 300-1500rpm speed range (1200rpm max. with supplied Low-Noise Adaptor) Includes anti-vibration mounts, fan screws, Low-Noise Adaptor, extension cable and y-cable for running two PWM fans on the same header"
https://www.newegg.com/nzxt-liquid-cooling-kraken-394mm-intel-socket-lga-1700-1200-115x-amd-socket-am5-am4-strx4-tr4-white/p/N82E16835146125,NZXT Kraken RGB 360mm - RL-KR360-W1 - AIO RGB CPU Liquid Cooler - LCD Display - 3 x F120RGB Core Fans Radiator Fans White LGA 1851/1700 & AMD AM5 Compatible,219.99$,4.3 out of 5,Seller is Newegg,"PERFORMANCE IN REAL TIME: Proudly display custom images and system specs in real time. The 1.54"" diameter LCD display screen provides a clean image. STAY COOL: Powerfully quiet F RGB Series Static Pressure fans provide cooling with superior heat dissipation capability. The 7th gen Asetek pump ensures your Kraken stays cool and quiet at 2800 RPM. SIMPLE INSTALL: Setup is made simple with a single breakout cable that takes the guesswork out of the installation process. The liquid tubes are protected with reinforced nylon-braided sleeves for added durability and worry-free handling. NZXT CAM-READY: Personalize screen content with custom images or performance info with user-friendly NZXT CAM software. Control fan and pump speeds and run at 0 RPM mode at low temperatures to eliminate fan noise."
https://www.newegg.com/black-istarusa-d-118v2-itx/p/N82E16811165402,iStarUSA D-118V2-ITX Black Metal / Aluminum 1U Rackmount Compact Server Chassis,66.99$,3.4 out of 5,Seller is PlatinumMicro,
https://www.newegg.com/asus-tuf-gaming-tuf-rtx5070ti-o16g-gaming-nvidia-geforce-rtx-5070-ti-16gb-gddr7/p/N82E16814126754,ASUS TUF Gaming GeForce RTX 5070 Ti OC Edition 16GB GDDR7 TUF-RTX5070TI-O16G-GAMING PCI-Express 5.0 DLSS 4.0 Graphics Card,1259.99$,4.7 out of 5,Seller is Newegg,16GB 256-Bit GDDR7 8960 Cores CUDA Cores PCI Express 5.0 x16
https://www.newegg.com/broadcom-bcm95719a1904ac/p/N82E16833995296,Broadcom NetXtreme Quad-Port 1G PCIe Ethernet NIC,76.99$,3 out of 5,Seller is Cloud Computing LLC,Energy Efficient Ethernet compliant with IEEE Std 802.3az-2010 IEEE 802.3ap Clause 73 auto-negotiation Quad 10/100/1000BASE-T full-duplex/half-duplex MACs Virtualization support with VMware NetQueue and Microsoft VMQ Wake-on-LAN support Energy Efficient Ethernet (EEE)
https://www.newegg.com/black-xerox-109r00783-cleaning-kits/p/N82E16828997432,"XEROX 109R00783 Extendend Capacity Maintenance Kit for ColorQube 8700, 8870, 8900, 8570",240.14$, out of 5,Seller is BeachAudio,"Capacity: 30,000"
https://www.newegg.com/msi-gt-710-2gd3-lp-nvidia-geforce-gt-710-2gb-ddr3/p/N82E16814127932,MSI GeForce GT 710 2GB DDR3 PCI Express 2.0 Low Profile Graphics Card GT 710 2GD3 LP,59.99$,4.4 out of 5,Seller is Newegg,2GB 64-Bit DDR3 Core Clock 954 MHz 1 x DL-DVI-D 1 x HDMI 192 Cores CUDA Cores PCI Express 2.0
https://www.newegg.com/black-istarusa-d-410/p/N82E16811165140,"iStarUSA D-410 Black Zinc-Coated Steel 4U Rackmount Server Case 10 External 5.25"" Drive Bays",213.99$,2.8 out of 5,Seller is Newegg,"10 External 5.25"" Drive Bays 2 120mm Fans"
https://www.newegg.com/asus-rog-harpe-ace-aim-lab-edition-90mp02w0-bmaa00-usb-2-0-bluetooth-2-4ghz-wired/p/N82E16826785255,"Asus ROG Harpe Ace Aim Lab Edition Gaming Mouse, 54 g Ultra-Lightwieght, Connectivity (2.4GHz RF, Bluetooth, Wired), 36K DPI Sensor, 5 Programmable Buttons, ROG SpeedNova, Esports & FPS Gaming, Black",89.99$,5 out of 5,Seller is Newegg,"Pro-Tested Form Factor: Mouse shape co-developed with esports professionals to ensure maximum stability and control when flicking and tracking Aim Lab Settings Optimizer: Synergistic software analyzes user strengths and play styles to tailor mouse settings uniquely to the player Lightweight 54-gram design: Extreme weight reduction through meticulous engineering and innovative bio-based nylon material construction ROG AimPoint optical sensor: Next-gen 36,000-dpi optical sensor with industry-leading < 1% cpi deviation for ultimate precision Tri-mode connectivity: Unmatched flexibility with wired USB, low-latency 2.4 GHz RF, plus Bluetooth® mode to pair up to three devices ROG SpeedNova wireless technology: Low-latency, reliable wireless performance and optimized energy efficiency in the 2.4 GHz RF mode Onboard control: Allows frequently used mouse settings to be adjusted directly by pressing different combinations of mouse buttons ROG Micro Switches Anti-slip mouse grip tape"
https://www.newegg.com/sapphire-nitro-11322-01-40g-amd-radeon-rx-7900-xtx-24gb-gddr6/p/N82E16814202428,SAPPHIRE NITRO+ Radeon RX 7900 XTX 24GB GDDR6 PCI Express 4.0 x16 ATX Video Card 11322-01-40G,1119.99$,4.4 out of 5,Seller is Newegg,24GB 384-Bit GDDR6 Boost Clock 2680 MHz 2 x HDMI 2.1 2 x DisplayPort 2.1 6144 Stream Processors PCI Express 4.0 x16
https://www.newegg.com/logitech-955-000074-black/p/N82E16836121271,"Logitech G Compass Premium Broadcast Boom Arm for Microphone, Internal Springs, Desktop Clamp and Built-in Cable Management, For Recording, Gaming, Streaming",107.98$,1 out of 5,Seller is Technology Galaxy,"Broadcast studio-grade design with enclosed aluminum construction and internal springs Hidden channel cable management system for sophisticated on-camera looks Hand-tightened friction hinges for smooth, quiet operation during streaming sessions and easy set up 32-inch reach (81 cm) and 360-degree rotation for maximum maneuverability Premium quality mic boom arm designed for Yeti GX, Yeti, and other professional broadcast mics"
https://www.newegg.com/asus-rt-be96u-ieee-802-11be/p/N82E16833320569,"ASUS RT-BE96U BE19000 802.11BE Tri-Band Performance WiFi 7 Extendable Router with 6GHz support, Dual 10G Port, 320Mhz, lifetime internet security , *MLO, AiMesh Support",549.99$,3.6 out of 5,Seller is Newegg,"Next-gen WiFi standard - Ultrafast WiFi 7 (802.11be) tri-band WiFi router boosts speeds up to 19,000 Mbps 2.4X higher speed with lower signal delays and interference - 6 GHz with new 320 MHz bandwidth & 4096-QAM Dual 10 Gb ports - Enjoy up to 10X-faster data transfer speeds for bandwidth-demanding tasks with two 10 Gbps WAN/LAN ports Multi-link connection - Link to multiple bands at the same time to ensure stable internet connections and efficient data transfers Commercial-grade network security - The latest ASUS technologies protect you from multiple types of threats *MLO Feature requires a WiFi 7 capable device. Expected firmware release by Q4 2023 or later"
https://www.newegg.com/white-creative-pebble-wired/p/0S6-004H-00064,Creative Pebble V2 USB-Powered Desktop Speakers with Far-Field Drivers and Passive Radiators for PCs and Laptops (White),27.19$,4.6 out of 5,Seller is Dzign Innovations,"Enjoy A Hassle-Free Audio Experience USB Cable powered Far-Field Drivers And Passive Radiators | Custom-Tuned Far-Field Driver Solution With Rear Facing Passive Radiators For Excellent Audio And Enhanced Bass Reproduction 45° Elevated Drivers For Enhanced Audio Projection And An Immersive Personal Listening Experience Modern And Stylish Aesthetics Perfect For Any Modern Homes, Offices And Workspaces"
https://www.newegg.com/broadcom-05-50077-01-pci-express/p/N82E16816125015,BROADCOM 05-50077-01 PCI-Express 4.0 x8 PCI-Express MegaRAID 9560-8i RAID Controller Card,653.00$, out of 5,Seller is Superior Quality,RAID 0/1/5/6/10/50/60 12Gb/s SAS and 16GT/s PCIe Gen4 (NVMe) compliant
https://www.newegg.com/black-hp-410a/p/N82E16828414494,HP 410A LaserJet Toner Cartridge - Black,109.99$,5 out of 5,Seller is Newegg,"Black Model #: CF410A Single Pack Approx page yield per cartridge: 2300 Compatible with: HP LaserJet M452,M377, M477 Series"
https://www.newegg.com/blue-microphones-yeti-usb-connector/p/N82E16886847001,"Blue Yeti USB Microphone for PC, Mac, Gaming, Recording, Streaming, Podcasting, Studio and Computer Condenser Mic with Blue VO!CE effects, 4 Pickup Patterns, Plug and Play – Blackout",99.99$,4.5 out of 5,Seller is Newegg,"Custom three-capsule array: This professional USB mic produces clear, powerful, broadcast-quality sound for YouTube videos, Twitch game streaming, podcasting, Zoom meetings, music recording and more Blue VO!CE software: Elevate your streamings and recordings with clear broadcast vocal sound and entertain your audience with enhanced effects, advanced modulation and HD audio samples Four pickup patterns: Flexible cardioid, omni, bidirectional, and stereo pickup patterns allow you to record in ways that would normally require multiple mics, for vocals, instruments and podcasts Onboard audio controls: Headphone volume, pattern selection, instant mute, and mic gain put you in charge of every level of the audio recording and streaming process Positionable design: Pivot the mic in relation to the sound source to optimize your sound quality thanks to the adjustable desktop stand and track your voice in real time with no-latency monitoring Plug 'n Play"
https://www.newegg.com/p/N82E16826153358,"Razer Cobra Wired Gaming Mouse 58g Lightweight Design, Gen-3 Optical Switches, Chroma RGB Lighting, 8500 DPI Optical Sensor",34.99$, out of 5,Seller is Newegg,"58G LIGHTWEIGHT DESIGN: Built to fit most grip styles, the mouse allows for fast, precise control and feels comfortable to use during long gaming sessions GEN-3 OPTICAL MOUSE SWITCHES: Unrivalled durability and speed with switches that have an extended 90-million click lifecycle and eliminate double-clicking issues, boasting a blistering 0.2 ms actuation time without debounce delay CHROMA LIGHTING WITH GRADIENT UNDERGLOW: Customize the mouse with 16.8 million colors and countless lighting effects, creating a more immersive gaming experience as the lights react dynamically with hundreds of Chroma-integrated games PRECISE SENSOR ADJUSTMENTS: Fine-tune the mouse's sensitivity with precise adjustments in 50 DPI increments to achieve a truly tailored play style SPEEDFLEX CABLE: Provides greater flexibility and is designed to produce minimal drag, perform quicker and more fluid swipes, and offer a higher degree of control 100% PTFE MOUSE FEET: Made from the highest grade of PTFE"
https://www.newegg.com/intel-xeon/p/N82E16819118424,Intel Xeon E-2378G Octa-core (8 Core) 2.80 GHz Processor - Retail Pack - 16 MB L3 Cache - 64-bit Processing - 5.10 GHz Overclocking Speed - 14 nm - Socket LGA-1200 - Intel UHD Graphics BX80708E2378G,599.99$, out of 5,Seller is Newegg,"Manufacturer Part Number	BX80708E2378G Product Type	Processor Processor Core	Octa-core (8 Core) Thermal Design Power	80 W Processor Manufacturer	Intel Graphics Controller Manufacturer	Intel Graphics Controller Model	UHD Graphics P750 Product Family	Xeon E Processor Threads	16 L3 Cache	16 MB Clock Speed	2.80 GHz Processor Socket	Socket LGA-1200 Product Model	E-2378G Process Technology	14 nm 64-bit Processing	Yes Thermal Specification	212°F (100°C) Number of Monitors Supported	1 Overclocking Speed	5.10 GHz Width	1.5"" Depth	1.5"" Package Type	Retail Product Line	Xeon E"
https://www.newegg.com/logitech-z533-wired-2-1/p/N82E16836121203,"Logitech Z533 2.1 Multimedia Speaker System with Subwoofer, Powerful Sound, Booming Bass, 3.5mm Audio and RCA Inputs, PC/PS/Xbox/TV/Smartphone/Tablet",139.99$,4.4 out of 5,Seller is NothingButSavings,"Powerful sound. 120 watts (60W of RMS power) of powerful yet balanced acoustics – produced by 2.25” (5.7 cm) full-range drivers designed with sound directivity to completely fill a room. Bass you can feel. Experience rich, dynamic bass with a front-facing subwoofer that immerses you in your music, movies or games. Play What you want. 3.5 mm and RCA inputs mean this speaker works with almost any Audio source – computer, tablet, smartphone, game console or TV. Just Plug in and start listening. Control at your fingertips. Place the wired control pod wherever you want for access to power, volume and bass controls, as well as an extra 3.5 mm jack and a headphone jack. Experience you can TRUST. For more than 30 years, Logitech has created high-quality audio products that bring your sound to life. Each system is designed and tested in our state-of-the-art Research and development labs, and held to the highest acoustic standards to bring you the optimal listening experience."
https://www.newegg.com/lg-24gs50fx-b-23-7-fhd-180-hz-va-purple-gray/p/N82E16824026468,"LG 24"" 180 Hz VA FHD Gaming Monitor FreeSync (AMD Adaptive Sync) NTSC 72% (CIE1931) 24GS50FX-B",139.99$, out of 5,Seller is Newegg,"24"" VA FHD 180 Hz FreeSync (AMD Adaptive Sync) 1800:1 16.7 Million Tilt: -5° (+/-3°) to +15° (+/-3°) 1 x DisplayPort 1.4 / 2 x HDMI 1.4"
https://www.newegg.com/rosewill-rs-ns-cl-dual-bay-duplicator-for-m-2-and-2-5-3-5-drive-m-2-2-5-3-5/p/N82E16817182463,"Rosewill NVME to 2.5'' 3.5'' Offline Clone Enclosure,M.2 to SATA SSD HDD Cloner, USB-C Type-C Max 10Gbps Standalone Clone Duplicator - RS-NS-CL",39.99$,No Rating,Seller is Newegg,"Unlock the Full Potential of Your M.2 NVMe SSD: Transform your ultra-fast M.2 NVMe drive into a standard 2.5"" or 3.5"" SATA HDD SSD with our ingenious M.2 NVME to 2.5 3.5 SATA Enclosure. Versatile Adapter for Seamless Compatibility: Our enclosure allows you to utilize your M.2 NVMe SSD in devices designed for traditional SATA drives. Durable Design for Reliable Performance: Crafted with meticulous attention to detail, this enclosure offers a sleek and durable design that ensures reliable performance and longevity. Lightning-Fast Read and Write Speeds: Experience lightning-fast data transfer speeds with Type-C Max 10Gbps connectivity. Essential Tool for Tech Enthusiasts and Professionals: Our M.2 to SATA Enclosure is an indispensable tool for those who want to harness the power of NVMe technology."
https://www.newegg.com/rosewill-rsv-r4200u-black/p/N82E16811147335,"Rosewill 4U Server Chassis Rackmount Case | 11x 3.5"" Bays, 3x 2.5"" Devices| ATX, CEB Compatible | 2 120mm PWM Fan, 2 80mm PWM Fans | 2x USB 3.0, 1 USB-C 3.1 | Front Panel Lock and Key | - RSV-R4200U",159.99$,4.1 out of 5,Seller is Newegg,"4U server case features 11 internal 3.5"" HDD bays plus 3 additional 2.5"" devices Superior cooling design pre-installed with 2 120mm PWM cooling fans in the front and additional 2 80mm PWM cooling fans in the rear 7 PCI expansion slots and compatible with ATX and CEB motherboards The front panel of the rackmount case includes two USB 3.0 and one USB-C 3.1 ports LED indicators for Power and HDD status monitoring Expansion Length: 260mm & Maximum Height: 138mm"
https://www.newegg.com/asus-rog-falchion-ace-hfx-rog-hfx-magnetic-switch-black/p/N82E16823193158,"ASUS ROG Falchion Ace HFX 65% compact gaming keyboard, magnetic switches, 8000 Hz polling rate, three-layer dampening foam, silicone gasket mount, interactive touch panel, dual USB-C® ports",149.99$,5 out of 5,Seller is Newegg,"ROG HFX Magnetic Switches: Deliver a solid feel and customizable 0.1-4.0 mm actuation for instant keystrokes Rapid Trigger toggle: Convenient switch for fastest typing response and key repeat 8000 Hz polling rate: Provides a 0.125 ms response time - up to 8X faster than other leading gaming keyboards Enhanced typing experiences: Integrated three-layer dampening foam and silicone gasket mount absorb pinging noises and offer a more cushioned typing feel Intuitive control: Set actuation point, play/pause media, adjust volume and keyboard lighting with the multi-function button and interactive touch panel Dual USB-C: Flexible port placement for a neater setup, and enable users to quick-toggle switch between two PCs"
https://www.newegg.com/broadcom-05-50075-01-pci-express/p/N82E16816125013,BROADCOM 05-50075-01 PCI-Express 4.0 x8 PCI-Express HBA 9500-8e Tri-Mode Storage Adapter,391.00$,No Rating,Seller is Astonlink,2 x4 SFF-8644 (ext HD) External Connectors
https://www.newegg.com/athena-power-hg2-6400p-400w-atx-2-03-atx12v-eps12v-wtx-amd-ges/p/N82E16817338065,Athena Power Zippy HG2-6400P 400W Single Server Power Supply - OEM,295.00$,1 out of 5,Seller is Newegg,400W Single One 80mm DC Fan Fans
https://www.newegg.com/syba-si-pex40064-sata-iii/p/N82E16816124064,IOCrest SI-PEX40064 PCI-Express 2.0 Low Profile Ready SATA III (6.0 Gb/s) Controller Card,30.97$,3.8 out of 5,Seller is Amify,4 x SATA 6.0 Gb/s Internal Connectors  Up to 6 Gb/s PCI-Express 2.0
https://www.newegg.com/xerox-008r13089-waste-cartridge/p/N82E16828116263,XEROX 008R13089 WorkCentre 7220/7225 Waste Cartridge,39.99$,No Rating,Seller is Newegg,008R13089 Waste Cartridge
https://www.newegg.com/rosewill-rsv-z2700u-black/p/N82E16811147331,"Rosewill 2U Server Chassis Rackmount Case | 4 3.5""/2.5"" HDD, 1 5.25"" Device | Micro-ATX Compatible | 2 x 80mm PWM Fans | 2x USB 3.0 | Silver/Black - RSV-Z2700U",109.99$,3.6 out of 5,Seller is Newegg,"Roomy Chassis: This 2U server case has 4 internal 3.5"" HDD bays plus room for 1 additional 5.25"" device. Expandable & Micro-ATX Compatible: 4 PCI expansion slots and Micro-ATX compatibility gives you options for expansion. Quiet Cooling: 2 pre-installed 80mm front cooling fans provide excellent airflow and heat protection at reduced noise. Desired Features: Front panel LED indicators for power, HDD, and LAN status monitoring allow quick, easy visual assessment. Additional utility with 2 USB 3.0 port. Expansion Length: Low profile 150mm & Maximum Height: 69mm"
https://www.newegg.com/asus-90mp0220-bmua00-p707-rog-spatha-x-usb-2-0-rf-2-4-wired-wireless/p/N82E16826785227,"ASUS ROG Spatha X Wireless Gaming Mouse (Magnetic Charging Stand, 12 Programmable Buttons, 19,000 DPI, Push-fit Hot Swap Switch Sockets, ROG Micro Switches, ROG Paracord and Aura RGB lighting)",124.99$,4.2 out of 5,Seller is Newegg,"COMPLETE COMMAND IN BATTLE - Get into the fight with ROG Spatha X. This wireless gaming mouse features dual-mode connectivity. A specially tuned 19,000 dpi sensor lets you take down opponents swiftly with extreme accuracy, while 12 programmable buttons ensure all commands are at your fingertips. DUAL-MODE CONNECTIVITY - Dual-mode connectivity lets you play your way. ROG Spatha X utilizes an RF 2.4 GHz connection with high data throughput to ensure your commands are tracked accurately in-game. Low on battery? Just hook it up and continue the fight while charging, all without losing responsiveness and performance."
https://www.newegg.com/asus-bt10-2pk-ieee-802-11a-ieee-802-11b-ieee-802-11g-wifi-4-wifi-5-wifi-6-wifi-6e-wifi-7-ipv4-ipv6/p/N82E16833320606,"ASUS ZenWiFi BT10 Tri-band WiFi 7 Mesh, 18 Gbps, 6000 sq.ft (2pk), Dual 10G Ports, Security and Parental Controls Included, Smart Home Master SSIDs, 4G & 5G Mobile Tethering",599.99$,No Rating,Seller is Newegg,"Powerful WiFi 7 mesh with superior tri-band connectivity future proofs your smart home with blazing fast speeds up to 18 Gbps and extensive coverage of up to 6,000 sq.ft. (2pk) Ultimate AiMesh powered by AI delivers robust backhaul connections, seamless connectivity for all devices, and a feature-rich whole-home network that scales effortlessly with any ASUS extendable router Smart Home Master offers effortless network segmentation with up to three SSIDs for easy IoT device setup and management, instant VPN connections, and convenient parental controls. Eight internal antennas and ten high-power front-end modules eliminate WiFi dead zones in all directions while robust heat dissipation enhances WiFi reliability. Ultrahigh-speed 10 Gigabit Ethernet with dual 10 G WAN and LAN ports and Multi-WAN including convenient 4G LTE & 5G Mobile Tethering via USB"
https://www.newegg.com/supermicro-mbd-h13sra-tf-o-amd-ryzen-threadripper-pro-7000-series/p/N82E16813183831,"Supermicro MBD-H13SRA-TF-O  Threadripper PRO motherboard, Single socket sTR5, LGA-4844.",699.00$,5 out of 5,Seller is Newegg,"AMD Ryzen™ Threadripper™ PRO 7000 WX-Series and Ryzen™ Threadripper™ 7000 Series Processors Single socket sTR5, LGA-4844, Up to 350W TDP, Overclocking supported AMD TRX50 Up to 4TB of memory with speeds of 5200+MT/s (1DPC) with overclocking support **Memory addressing up to 1TB/channel is subject to AMD Infrastructure Roadmap for Socket sTR5 Processors M.2 Interface: 2 PCIe 4.0 x4 (RAID 0, 1) M.2 Form Factor: 2280/22110 M.2 Key: M-Socket 2 PCIe 5.0 x16, support 2 triple/dual/single-width GPU cards 2 PCIe 5.0 x8, open rear Dual 10Gb LAN with Broadcom BCM57416 4 SATA 3 (6Gb, RAID 0, 1, 10) 1 MCIO connector (PCIe Gen4 x8) to support 2 U.2 ports via cable for NVMe 2.5"" SSD drives 1 USB 3.2 Gen2x2 (20G, 1 rear Type-C) 1 USB 3.2 Gen2x1 (10G, 1 header Type-C) 4 USB 3.2 Gen2x1 (4 rear Type-A) 1 USB 3.2 Gen1x1 (5Gb, 1 header Type-A 2 ports) 1 USB 2.0 (1 header Type-A 2 ports) 1 Dedicated LAN for IPMI Overclocking supported on CPU and RDIMM"
https://www.newegg.com/hp-63-black-dye-based/p/0WX-000R-00U64,HP 63 Ink Cartridge - Black,25.74$,3.5 out of 5,Seller is Newegg,"Black Model #: F6U62AN Single Pack Approximate page yield per cartridge: 190 Compatible with: HP DeskJet 1100, 2100, 3600, ENVY 4500, OfficeJet 3800, 4600 series"
https://www.newegg.com/rosewill-rsv-r4100u-black/p/N82E16811147332,"Rosewill 4U Server Chassis Rackmount Case | 7 3.5"" Bays, 2 5.25"" Devices| ATX, CEB Compatible | 1 120mm PWM Fan, 2 80mm PWM Fans | 2x USB 3.0 | Front Panel Lock and Key | Silver/Black - RSV-R4100U",139.99$,4.1 out of 5,Seller is Newegg,"Spacious Chassis: This massive 4U server case has 7 internal 3.5"" HDD bays plus room for 2 additional 5.25"" devices. Expandable & ATX/CEB Compatible: 7 PCI expansion slots and ATX and CEB motherboard compatibility give you growth options for all of your needs. Quiet Cooling: 3 pre-installed cooling fans provide excellent airflow and heat protection at reduced noise. 1 front 120mm PWM fan and 2 rear 80mm PWM fans ensure your drives and chassis avoid overheating. Desired Features: Front panel LED indicators for power and HDD monitoring allows quick, easy visual assessment. Additional utility with 2 USB 3.0 and a built-in front panel lock provides extra security for your server case. Expansion Length: 260mm & Maximum Height: 138mm"
https://www.newegg.com/msi-mpg-z790-edge-ti-max-wifi-atx-intel-z790-lga-1700/p/N82E16813144632,"MSI MPG Z790 EDGE TI MAX WIFI LGA 1700(14th,13th,12th Gen) DDR5 Intel Z790 SATA 6Gb/s ATX Motherboard 2x PCI-E x16 slot Wi-Fi 7 Solution 2.5Gbps LAN",329.99$,4.3 out of 5,Seller is Newegg,"BIOS update may be required when used with some 14th generation Intel Core processors, visit MSI support website for more information Supports Intel Core Next-gen / 13th Gen / 12th Gen, Pentium Gold and Celeron processors for LGA 1700 socket Supports DDR5 Memory, up to 7800+(OC) MHz Lightning Fast Game experience: PCIe 5.0 slot, Lightning Gen 5 x4 M.2, USB 3.2 Gen 2x2 Enhanced Power Design: 16+1+1 Mirrored Power Arrangement, dual 8-pin CPU power connectors, Core Boost, Memory Boost Premium Thermal Solution: Enlarged heatsink with heat-pipe, MOSFET thermal pads rated for 7W/mk, additional choke thermal pads and M.2 Shield Frozr are built for high performance system and non-stop gaming experience 2.5G LAN and Wi-Fi 7 Solution: Upgraded network solution for professional and multimedia use. Delivers a secure, stable and fast network connection AUDIO BOOST 5: Reward your ears with studio grade sound quality for the most immersive gaming experience"
https://www.newegg.com/corsair-ch-9306011-na-nightsword-rgb-usb-2-0-wired/p/N82E16826816133,"CORSAIR NIGHTSWORD RGB Performance Tunable FPS/MOBA Gaming Mouse, Black, Backlit RGB LED, 18000 dpi, Optical",79.99$,4.3 out of 5,Seller is Newegg,"CORSAIR-exclusive software automatically detects the center of gravity in real time, allowing you to adjust weight between 115g and 137g and fine-tune balance to perfectly fit your grip A custom Pixart PMW3391 native 18,000 DPI optical sensor, adjustable in 1 DPI resolution steps, gives you total sensitivity customization and ultra-accurate tracking Built with a comfortable contoured shape that naturally fits your hand, with high-performance rubber grips inspired by pro sports equipment Ten fully programmable buttons let you customize your gaming, with the in-game advantage of powerful macros and key remaps Includes two sets of weights with six mounting locations, offering 120 different weight and balance configurations for a precisely calibrated gaming experience Dynamic, four-zone RGB backlighting with dozens of presets and effects and near-limitless customization Onboard storage with hardware macro playback lets you take your lighting and macro profiles to any PC"
https://www.newegg.com/evga-geforce-rtx-3060-12g-p5-3657-kr/p/N82E16814487539,"EVGA GeForce RTX 3060 XC GAMING, 12G-P5-3657-KR, 12GB GDDR6, Dual-Fan, Metal Backplate",439.99$,4.7 out of 5,Seller is Newegg,"Real Boost Clock: 1882 MHz; Memory Detail: 12288 MB GDDR6. Real-Time RAY TRACING in games for cutting-edge, hyper-realistic graphics. Dual Fans Cooling offer higher performance cooling and much quieter acoustic noise. All-Metal Backplate."
https://www.newegg.com/black-istarusa-d-400-6/p/N82E16811165552,"iStarUSA D-400-6 Black Aluminum / Steel 4U Rackmount Compact Stylish Chassis 6 External 5.25"" Drive Bays",219.99$,4.6 out of 5,Seller is Newegg,Front Access USB 2.0 x 2 80mm x1 Cooling Fan Removable Air Filter Power and HDD LED Power and Alarm Reset Switch
https://www.newegg.com/rosewill-rsv-l4412u-black/p/N82E16811147330,"Rosewill 4U Server Chassis Rackmount Case | 12 Hot Swap 3.5"", 2.5"" SATA I, SATA II, SATA III SAS | E-ATX Compatible | 3 Front 120mm Fans, 2 Rear 80mm Fans | 2x USB 3.0| Front Panel Lock - RSV-L4412U",399.99$,4.1 out of 5,Seller is Newegg,"Spacious Chassis: This enormous 4U server case has capacity for 12 internal 3.5""/2.5"" SATA I, II, III, and SAS supported devices. Expandable & E-ATX Compatible: 7 PCI expansion slots and E-ATX compatibility gives you growth options for all of your needs. Quiet Cooling: 5 pre-installed cooling fans provide excellent airflow and heat protection at reduced noise. 3 front 120mm fans and 2 rear 80mm fans ensure your drives and chassis avoid overheating. Desired Features: Front panel LED indicators for power, HDD, and LAN status monitoring allow quick, easy visual assessment. Additional utility with 2 USB 3.0 port and built-in front panel lock provides extra security for your server case."
https://www.newegg.com/ubiquiti-usw-enterprise-24-poe-24-x-rj45-2-x-sfp/p/0XP-000A-005G0,Ubiquity Enterprise 24 PoE (USW-Enterprise-24-PoE),99.99$,No Rating,Seller is Newegg,"A 24-port, Layer 3 switch with 2.5 GbE PoE+ output. (12) 2.5 GbE, (12) GbE; all PoE+ ports (2) 10G SFP+ ports 400W total PoE availability DC power backup-ready Layer 3 switching"
https://www.newegg.com/logitech-g560-wired-with-bluetooth-wireless-2-1/p/N82E16836121244,"Logitech G560 PC Gaming Speaker System with 7.1 DTS:X Ultra Surround Sound, Game based LIGHTSYNC RGB, Two Speakers and Subwoofer, Immersive Gaming Experience - Black",194.38$,3.9 out of 5,Seller is Technology Galaxy,"Built-in LIGHTSYNC RGB lighting blasts game driven lighting colors and effects activated by the audio in many popular games Explosive 240 Watts Peak power and unique driver design deliver a huge soundscape for a heightened gaming experience Integrated DTS:X Ultra surround sound renders 3D positional audio so you hear your gaming environment from every angle Easily customize four speaker lighting zones with Logitech Family Software for both front and rear light projection in your choice of 16.8 million colors Works with Windows based PCs and Bluetooth enabled devices including computers, smartphones and tablets (DTS:X not supported on Mac OS X) Sound Pressure Level (SPL Max) - 97decibel @426B"
https://www.newegg.com/broadcom-05-50107-00-sata-sas/p/N82E16816125028,Broadcom 9660-16i Tri-Mode 24G SAS RAID Controller 05-50107-00,1125.99$,No Rating,Seller is Newegg,"Low profile, half-length x8 PCIe Gen 4.0 adapter Connect up to 240 SAS/SATA devices or 32 NVMe devices per controller SFF-8654 (SlimSAS) x8 connectors Form-factor friendly cable exit Hardware Secure Boot and SPDM Attestation support Balance protection and performance for critical applications with RAID 0, 1, 5, 6, 10, 50 and 60 and JBOD SFF-TA-1005 Universa Bay Management (UBM) Ready Add more protection and peace of mind with CacheVault flash cache protection"
https://www.newegg.com/intel-xeon-w5-2565x-lga-4677/p/N82E16819118520,Intel Xeon w5-2565X Octadeca-core (18 Core) 3.20 GHz Processor - OEM Pack - Box - 37.50 MB L3 Cache - 64-bit Processing - 4.80 GHz Overclocking Speed - Socket LGA-4677 - Intel vPro Tech- BX807132565X,1542.99$,No Rating,Seller is Newegg,The processor features Socket LGA-4677 socket for installation on the PCB 37.50 MB of L3 cache memory provides excellent hit rate in short access time enabling improved system performance Octadeca-core (18 Core) processor core efficiently handles data to ensure quicker transfer of information with maximum usability Processor with 3.20 GHz clock speed for reliable and fast execution of instructions to ensure maximum convenience and feasibility Intel Xeon 3.20 GHz processor offers great stability when you are dealing with 3D rendering software or playing games. Integrated ECC-memory reduces the chance of critical system crashes
https://www.newegg.com/trendnet-tpe-115gi-gigabit-poe-injector/p/N82E16833980060,"TRENDnet Gigabit Power Over Ethernet Plus Injector, Converts Non-Poe Gigabit To Poe+ Or PoE Gigabit, Supplies PoE (15.4W) Or PoE+ (30W) Power Network Distances Up To 100M (328 ft.), Black, TPE-115GI",30.79$,4.2 out of 5,Seller is TELeasy,Full Duplex Gigabit speeds Supplies PoE (15.4W) or PoE+ (30W) power Integrated power supply Network a PoE device located up to 100 meters (328 ft.) away Converts a non-PoE Gigabit port to a PoE+ Gigabit port Save on installation and equipment costs IEEE 802.3af and IEEE 802.3at compliant
https://www.newegg.com/netgear-rs300-100nas/p/N82E16833222337,"Netgear Nighthawk WiFi 7 Router RS300, 9.3Gbps",339.00$,4.3 out of 5,Seller is Newegg,"Unleash Revolutionary Performance Leverage the power of WiFi 7 for speeds up to 9.3Gbps at 2.4x faster than WiFi 6 and 320MHz high-capacity channels for up to 100 devices. The Nighthawk® RS300 WiFi 7 Tri-band Router offers 3 bands of WiFi, including the ultra-fast 6GHz band for peak performance with less interference from neighboring networks The high-performance antenna design provides up to 2,500 sq. ft. WiFi coverage, and you can connect your high demand devices to the two 2.5Gig and two 1Gig LAN ports for ultra-fast wired speed"
https://www.newegg.com/ubiquiti-networks-usw-pro-max-48-gbe-rj45-ports-1-2-5-gbe-rj45-ports-10g-sfp-ports/p/2WK-00B4-000Z6,Ubiquiti Networks Pro Max 48 (USW-Pro-Max-48) Switch,99.99$,5 out of 5,Seller is Newegg,"A 48-port, Layer 3 Etherlighting™ switch with 2.5 GbE. Etherlighting™ ports that illuminate to indicate port location, speed/link, and native VLAN/network* (16) 2.5 GbE RJ45 ports (32) GbE RJ45 ports (4) 10G SFP+ ports DC power backup ready Managed with UniFi Network 8.0.24 and later *Pair with UniFi Etherlighting Patch Cables for optimal brightness."
https://www.newegg.com/athena-power-ap-u1atx30a-300w/p/N82E16817104115,Athena Power AP-U1ATX30A 1U 300W Server Power Supply,95.99$,3.6 out of 5,Seller is AyaGroup,300W 20+4Pin Dual Fans
https://www.newegg.com/asus-rt-be86u-ieee-802-11a-ieee-802-11b-ieee-802-11g-wifi-4-wifi-5-wifi-6-wifi-6e-wifi-7-ipv4-ipv6/p/N82E16833320607,"ASUS RT-BE86U BE6800 Dual-Band WiFi 7 Router, Supports 4096-QAM, MLO, AI WAN Detection, AiMesh, Subscription-Free Network Security, and Comprehensive VPN Features, Guest Network Pro, Gaming",299.99$,4 out of 5,Seller is Newegg,"Beyond-fast WiFi 7 (802.11be) router enables WiFi 7 performance (Multi-link Operation (2.4 GHz and 5 GHz) and 4096-QAM), boosting dual band throughput up to 6800 Mbps Ultrahigh-speed 10 Gigabit Ethernet with one standard 10G WAN/LAN port empowers supreme wired network capacity up to 20G Always-on internet with Versatile WAN options, hassle-free AI WAN detection on 2.5G or 10G WAN/LAN ports and convenient 4G LTE & 5G Mobile Tethering via USB A powerhouse quad-core 2.6 GHz 64-bit CPU unleashes full performance for demanding WiFi 7 and 10 Gigabit network applications Guest Network Pro offers effortless network segmentation with up to five SSIDs for easy IoT device setup and management, instant VPN connections and convenient parental controls"
https://www.newegg.com/zotac-gaming-zt-a30500k-10m-nvidia-geforce-rtx-3050-8gb-gddr6/p/N82E16814500567,"ZOTAC GAMING GeForce RTX 3050 ECO Edition 8GB GDDR6 128-bit 14 Gbps PCIE 4.0 Gaming Graphics Card, Active Fan Control, FREEZE Fan Stop, ZT-A30500K-10M",239.99$,3.9 out of 5,Seller is ZOTAC,"NVIDIA Ampere architecture, 2nd Gen Ray Tracing Cores, 3rd Gen Tensor Cores 8GB 128-bit GDDR6, 14 Gbps, PCIE 4.0 x8 Active Fan Control, FREEZE Fan Stop, Metal Backplate 8K Ready, 4 Display Ready, HDCP 2.3 3 x DisplayPort 1.4a, 1 x HDMI 2.1, DirectX 12 Ultimate, Vulkan RT API, OpenGL 4.6 Boost Clock 1777 MHz"
https://www.newegg.com/msi-mag-a1000gl-pcie5-1000-w-80-plus-gold-certified/p/N82E16817701026,"MSI - MAG A1000GL PCIE 5, 80 GOLD Fully Modular Gaming PSU, 12V-2×6 Cable, ATX 3.1 & PCIE 5.1 Ready, 1000W Power Supply, 10 Year Warranty",169.99$,4.9 out of 5,Seller is Newegg,"Intel ATX 12V Full Modular 80 PLUS GOLD Certified 100 - 240 V 50/60 Hz +5V@22A, +3.3V@22A, +12V@83.3A, -12V@0.3A, +5VSB@3A"
https://www.newegg.com/startech-com-sfpg1320c/p/N82E16816530005,StarTech.com SFPG1320C Cisco GLC-LH-SMD Compatible SFP Module -1000BASE-LH Fiber Optical Transceiver - SFPG1320C,53.99$,No Rating,Seller is Newegg,"100% compatibility with Cisco GLC-LH-SMD guaranteed Maximum transfer distance of 20 km (12.4 mi) SFP (Mini-GBIC) meets or exceeds OEM specifications SFP transceiver module complies with MSA industry standards 1000BASE-LH fiber transceiver has low power consumption: < 1W Hot-swappable with other fiber optic modules Single mode connector DDM: Yes MTBF: 2,722,277 hours Max. Data Transfer Rate: 1.25 Gbps"
https://www.newegg.com/sapphire-pulse-11348-03-20g-amd-radeon-rx-9070-xt-16gb-gddr6/p/N82E16814202450,SAPPHIRE PULSE Radeon RX 9070 XT 16GB GDDR6 PCI Express 5.0 x16 ATX Graphics Card 11348-03-20G,879.99$,4.5 out of 5,Seller is Newegg,16GB 256-Bit GDDR6 Boost Clock Up to 2970 MHz 2 x HDMI 2 x DisplayPort 2.1a 4096 Stream Processors PCI Express 5.0 x16
https://www.newegg.com/asus-rt-ax5400/p/N82E16833320565,"ASUS RT-AX5400 Dual Band WiFi 6 Extendable Router, Lifetime Internet Security Included, Instant Guard, Advanced Parental Controls, Built-in VPN, AiMesh Compatible, Gaming & Streaming, Smart Home",147.99$,4 out of 5,Seller is Newegg,"High Efficiency WiFi 6 – This ultrafast WiFi 6 router delivers up to 5,400 Mbps speed, with increased capacity to handle more devices. Powerful WAN Aggregation – Blazing bonded WAN speeds up to 2 Gbps deliver reliable internet connectivity for smart homes and small businesses. Commercial-grade Security Anywhere – Protect your home network with AiProtection Pro, powered by Trend Micro. And when away from home, ASUS Instant Guard gives you a one-click sharable secure VPN. Advanced Parental Controls?– Protect your kids online with instant monitoring, content filters and customized settings for each connected device, at no extra cost. Easy Extendable Network – Enjoy seamless roaming with rich, advanced features by adding any AiMesh-compatible router."
https://www.newegg.com/asus-rog-strix-scope-ii-rx-90mp0350-bkaa01-mechanical-keyboard-rog-rx-red-optical/p/N82E16823193150,"ASUS ROG Strix Scope II RX Gaming Keyboard, IP57, Dampening Foam, Pre-lubed ROG RX Red Optical Switches, PBT Keycaps, multi-function controls, Xbox Game Bar function hotkeys, RGB-Black",139.99$,5 out of 5,Seller is Newegg,"ROG RX optical switches: Pre-lubed RX switches feature centralized lighting and provide consistent wobble-free keystrokes with near-zero debounce delay IP57-rated: Waterproof and dust resistant for long-lasting durability Hotkeys: F1–F5 keys are pre-programmed as hotkeys for Xbox Game Bar and recording Intuitive controls: Multifunction button and three-way knob for media playback, volume, and keyboard lighting Sound-dampening foam: Integrated foam absorbs pinging noises and echoes for improved acoustics PBT keycaps: Durable ROG PBT doubleshot keycaps Unique ROG-themed space bar: UV-coated spacebar with special ROG markings and three underside RGB LEDs Ergonomic design: Three tilt positions and a detachable wrist rest"
https://www.newegg.com/creative-sound-blaster-x4/p/23H-001X-00069,"Creative Sound Blaster X4 Hi-Res 24bit/192kHz External USB DAC and Amp Sound Card, Super X-Fi, Multi-Channel, 7.1 Discrete Surround, Optical-in, Optical-out, Line-in, Mic-in, Headset-i (70SB181500000)",149.99$,4.3 out of 5,Seller is Newegg,"7.1 DISCRETE SURROUND WITH SUPER X-FI AND DOLBY DIGITAL LIVE - Supports up to 7.1 discrete and virtual surround with three types of surround sound delivery: 1. Super X-Fi technology that recreates the  IMPROVED COMMUNICATION WITH SMARTCOMMS KIT AND CRYSTALVOICE - Features our SmartComms Kit, a suite of smart communication features that simplify the way you take work calls on Windows 10 platform. Tu  CONNECT WITH EVERYTHING - With a newly added optical-in port, it is now much easier to connect multiple audio devices, from external microphones and headsets, to platforms like your PC, Mac, gaming c  EASY ACCESS TO ALL CONTROLS - Pick between three EQ modes or re-program them, and save your settings on the device. There are also the Direct Mic Mute, Direct Mode, Super X-Fi and SXFI BATTLE Mode on  GAME AND HEAR YOUR WAY – Choose between SXFI BATTLE Mode or Scout and get to winning your FPS game. Configure each element of your audio settings or switch them off completely via the Creat"
https://www.newegg.com/msi-rtx-3060-ventus-2x-12g-oc-nvidia-geforce-rtx-3060-12gb-gddr6/p/N82E16814137632,MSI Ventus GeForce RTX 3060 12GB GDDR6 PCI Express 4.0 Graphics Card RTX 3060 Ventus 2X 12G OC,319.99$,4.8 out of 5,Seller is Newegg,12GB 192-Bit GDDR6 Boost Clock 1807 MHz 1 x HDMI 2.1 3 x DisplayPort 1.4a 3584 Cores CUDA Cores PCI Express 4.0
https://www.newegg.com/syba-model-si-ada40141-pci-express-to-sata-card/p/14G-009S-00015,Syba 5 port Non-RAID SATA III 6Gbp/s to M.2 B+M Key Adapter PCI-e 3.0 x2 Bandwith,30.76$,4.3 out of 5,Seller is Novatek,5 x SATA 6.0Gb/s Internal Connectors
https://www.newegg.com/athena-power-ap-rrp4atx6808-800w/p/N82E16817338062,Athena Power AP-RRP4ATX6808 20+4Pin 800W Redundant 80 PLUS Bronze Certified ATLAS 800 PLUS Server Power Supply with PM Bus,1030.68$,4 out of 5,Seller is ACPC,800W Redundant 20+4Pin
https://www.newegg.com/model-wdbpkj0040bbk-wesn-4tb-usb-3-2-gen-1/p/N82E16822234388,WD 4TB My Passport Portable Storage External Hard Drive USB 3.2 for PC/MAC Black (WDBPKJ0040BBK-WESN),123.99$,4.4 out of 5,Seller is BioStar,"Slim design Automatic backup - easy to use Password protection + 256-bit AES hardware encryption Up to 5TB capacity 3-year limited warranty Trusted drive built with WD reliability WD Discovery software for WD Backup, password protection and drive management SuperSpeed USB port; USB 2.0 compatible"
https://www.newegg.com/p/1A0-002Y-01BZ0,Dell 3257W  870 Watt Redundant Power Supply For Poweredge R710 T610,52.99$,No Rating,Seller is Newegg,
https://www.newegg.com/broadcom-05-50077-00-pci-express/p/N82E16816125010,BROADCOM 05-50077-00 PCI-Express 4.0 x8 PCI-Express MegaRAID 9560-16i PCIe 4.0 RAID Controller,799.99$,No Rating,"Seller is Aeon Micro, Inc",RAID 0/1/5/6/10/50/60
https://www.newegg.com/intel-xeon-w5-3435x-lga-4677/p/N82E16819118452,Intel Xeon w5-3435X Hexadeca-core (16 Core) 3.10 GHz Processor - 45 MB L3 Cache - 64-bit Processing - 4.70 GHz Overclocking Speed - Socket LGA-4677 - 324 W - 32 Threads - BX807133435X,1670.99$,5 out of 5,Seller is Newegg,"The Socket LGA-4677 socket allows processor to be placed on the PCB without soldering The processor features Socket LGA-4677 socket for installation on the PCB Processor consumes less power to offer maximum productivity with added usability 45 MB of L3 cache memory provides excellent hit rate in short access time enabling improved system performance Hexadeca-core (16 Core) processor core efficiently handles data to ensure quicker transfer of information with maximum usability Hexadeca-core (16 Core) processor core helps processor process data in a dependable and timely manner with maximum productivity Processor with 3.10 GHz clock speed for faster, efficient execution of cycles per second to ensure maximum usability Processor with 3.10 GHz clock speed for quick and dependable processing of data to ensure maximum productivity Processor with 3.10 GHz clock speed for reliable and fast execution of instructions to ensure maximum convenience and feasibility"
https://www.newegg.com/amd-epyc-4364p-socket-am5/p/N82E16819113833,AMD EPYC 4004 (4th Gen) 4364P Octa-core (8 Core) 4.50 GHz Processor - 32 MB L3 Cache - 64-bit Processing - 5.40 GHz Overclocking Speed - Socket AM5 - 105 W - 16 Threads 100-100001477WOF,393.99$,5 out of 5,Seller is Newegg,AMD EPYC 4004 (4th Gen) 4364P Octa-core (8 Core) 4.50 GHz Processor - 32 MB L3 Cache - 64-bit Processing - 5.40 GHz Overclocking Speed - Socket AM5 - 105 W - 16 Threads 100-100001477WOF
https://www.newegg.com/p/1A0-002Y-01KY0,Dell Dy72n Dell Optiplex 3010 7010 9010,39.99$,No Rating,Seller is ctek-online,
https://www.newegg.com/black-hp-cb384a-imaging-drums-and-photoconductors/p/N82E16828115156,HP 824A Black LaserJet Image Drum (CB384A),161.99$,5 out of 5,Seller is Newegg,Black 35000 Pages Color LaserJet Image Drum
https://www.newegg.com/p/N82E16826554077,"MSI HS01 Headset Stand, Metallic Design, Cell Phone Holder, Non-Slip",19.99$,No Rating,Seller is Newegg,Solid Metallic Design Stable Headset Hanger Stable Headset Hanger Non-slip Base
https://www.newegg.com/black-creative-stage-wired-with-bluetooth-wireless/p/N82E16836116212,"Creative Stage 2.1 Channel Under-Monitor Soundbar with Subwoofer for TV, Computers, and Ultrawide Monitors, Bluetooth/Optical Input/TV ARC/AUX-in, Remote Control and Wall Mounting Kit",89.99$,4.3 out of 5,Seller is Newegg,"•	Clutter-free, under-monitor sound bar for computer and TV fits perfectly under a PC monitor and blends naturally into any room interior with its sleek, subtle design. desktop and TV console – just connect it to a power source •	Dual-driver with subwoofer for room-filling audio This high performing 2. 1 speaker system produces 160W peak power and houses two custom-tuned, mid-range drivers for enhanced dialog clarity and stunning mid-range •	Convenient controls with remote Controls are conveniently located at the side of the sound bar for easy reach and hassle-free control •	Various connectivity options Conveniently connect your TV, PC/Mac, and mobile phones through our myriad of connectivity options such as wireless Bluetooth, 3. 5mm aux-in, optical Audio input, TV (ARC), and USB MP3"
https://www.newegg.com/istarusa-d-400-6-black/p/N82E16811165182,"iStarUSA D-400-6-Black Black Steel 4U Rackmount Compact Stylish Server Chassis 6 External 5.25"" Drive Bays",209.00$,4.6 out of 5,Seller is Newegg,"6 External 5.25"" Drive Bays"
https://www.newegg.com/asus-prime-rtx5070ti-o16g-nvidia-geforce-rtx-5070-ti-16gb-gddr7/p/N82E16814126756,ASUS PRIME GeForce RTX 5070 Ti 16GB GDDR7 OC Edition PCI Express 5.0 DLSS 4.0 Graphics Card PRIME-RTX5070TI-O16G,759.99$,4.8 out of 5,Seller is Newegg,ASUS PRIME RTX 5070 Ti 16GB GDDR7 Express 5.0 DLSS 4.0
https://www.newegg.com/hp-61-black-pigment-based/p/N82E16828115881,"HP 61, (CH561WN) Black Original Ink Cartridge CH561WN",24.99$,4.6 out of 5,Seller is Official HP Store,"Laser-quality black text and sharp graphics Reliable performance Designed to handle the toughest tasks with ease. Rely on crisp, clean printing with reliable results. Spend less time replacing ink and more time printing. Be assured that Original HP Cartridges will consistently deliver quality results and premium performance. Compatible with HP Deskjet 2544 Works in 3511; Officejet 2620, 4630 Also for use in Envy 5530 and HP DeskJet 1000, 1010, 1012, 1050, 1051, 1055, 1056, 1510, 1512, 1514, 2050, 2510, 2512, 2514, 2540, 2541, 2542, 2543, 2544, 2546, 2547, 2549, 3000, 3050, 3050A, 3051A, 3052A, 3054, 3054A, 3056A, 3510, 3511, 3512,ENVY 4500, 4501, 4502, 4504, 4505, 5530, 5531, 5532, 5535,OfficeJet 2620, 4630, 4631, 4632, 4635"
https://www.newegg.com/shadow-grey-blue-microphones-0281-usb-connector/p/N82E16836431043,"Blue Yeti Nano Premium USB Microphone for PC, Mac, Gaming, Recording, Streaming, Podcasting, Condenser Mic with Blue VO!CE Effects, Cardioid and Omni, No-Latency Monitoring - Shadow Grey",89.99$,4.6 out of 5,Seller is Newegg,"Yeti Nano features 2 custom mic capsules to give your voice exceptional presence and detail for professional-level recording and streaming Elevate your streamings and recordings with clear broadcast vocal sound and entertain your audience with enhanced effects, advanced modulation and HD audio samples Cardioid and omni pickup patterns are optimal for pro recording and streaming, Zoom meetings, Twitch gaming, podcasting, YouTube videos, voice-overs and more Monitor your audio recordings with precision thanks to the onboard headphone output and volume control, ensuring great sound every time Yeti Nano USB condenser microphone fits on any desktop and looks great on camera, simply plug 'n play on your Mac or PC and start recording instantly Quickly adjust headphone volume, mic mute and pickup pattern so you can focus on your performance and connect directly to your computer or laptop via the included USB cable"
https://www.newegg.com/msi-forge-gk300-combo-blue-switches-forgegk300c-mechanical-keyboard-mechanical-blue-switches/p/N82E16823167060,"MSI FORGE GK300 COMBO - BLUE SWITCHES Gaming Keyboard & Gaming Mouse, Anti-Ghosting, Ergonomic Keycaps, 9-Mode RGB, up to 7,200 DPI, Black",49.00$,4.3 out of 5,Seller is Newegg,"The durable & dustproof mechanical switches offer a tactile and audible click when typing for a satisfying experience. Convenient hotkeys allow you to change lighting effects, media controls, and access widgets with ease. Up to 26-key anti-ghosting allows for simultaneous key presses, ensuring accurate reactions in gaming. The ergonomic high low keycap design keeps your hands and wrists in a natural position, reducing strain while gaming. Two keyboard feet support a tilt angle to ensure a more comfortable wrist position during gaming sessions. Enjoy years of gaming with main button switches rated for over 10 Million clicks. An optical sensor provides up to 7,200 DPI to deliver precise tracking. Instantly cycle through 4 DPI presets to adjust your accuracy for every situation. This mouse is favorable for both palm and claw grip styles, and friendly for left-handed users, thanks to the symmetrical design. Lighten the mood by playing predefined effects for the preferred vibe."
https://www.newegg.com/msi-rtx-4060-ventus-2x-black-8g-oc-nvidia-geforce-rtx-4060-8gb-gddr6/p/N82E16814137804,MSI Ventus GeForce RTX 4060 8GB GDDR6 PCI Express 4.0 x8 ATX Graphics Card RTX 4060 VENTUS 2X BLACK 8G OC,329.99$,4.8 out of 5,Seller is Newegg,8GB 128-Bit GDDR6 Boost Clock 2490 MHz 1 x HDMI 2.1a 3 x DisplayPort 1.4a 3072 Cores CUDA Cores PCI Express 4.0 x8
https://www.newegg.com/black-hp-26x/p/N82E16828414483,HP 26X High Yield LaserJet Toner Cartridge - Black,258.99$,3 out of 5,Seller is Newegg,"Black Model#: CF226X Single Pack Approx page yield per cartridge: 9000 Compatible with: HP LaserJet M402, M426 Series"
https://www.newegg.com/black-oki-data-52102001-ribbon/p/N82E16817102406,"Oki Data 52102001 Ribbon for MICROLINE 186, 320 Turbo - Black",11.99$,No Rating,Seller is Newegg,Black Estimated Life of 3M characters For ML120/172/180/190/320/321 Series and Turbo Series
https://www.newegg.com/tripp-lite-srcablevrt6-cable-manager/p/N82E16816228101,"TRIPP LITE SRCABLEVRT6 SMARTRACK Series 6"" Wide High Capacity Vertical Cable Manager",307.99$,No Rating,Seller is pigpig tech,"Vertical Cable Manager, 6 foot, finger duct with cover High capacity (12"" width) for large cable bundles Split into three 2 foot sections to allow for multiple installation options Helps eliminate cable stress Organizes cables within an Open Rack"
https://www.newegg.com/creative-pebble-v2-wired-2-0/p/N82E16836116214,"Creative Pebble V2 - Minimalistic 2.0 USB-C Powered Desktop Speakers, 3.5 mm AUX-in, Up to 8W RMS Power for Computers and Laptops, Type-A Adapter Included and Extended Cable (Black)",34.99$,4.4 out of 5,Seller is Newegg,"PERFECT FOR THE MINIMALIST’S DESKTOP | Designed with a clean and modern look in mind, Pebble V2 follows the same form factor as Creative Pebble, and fits into any minimalist’s office, home, workspace, and battlestation setup. With a longer cable connecting the right to left satellite speakers and the same front-facing knob for easy access to volume control, Pebble V2 is the perfect fit for any desktop LATEST USB-C CONNECTIVITY AND AUX-IN | An upgrade from Creative Pebble, Pebble V2 is now future-proof and is powered by USB-C, which is found on newer computers. The USB-C connectivity allows the speaker to draw more power for improved audio quality at higher volume without distortion. Simply connect your devices via both the universal 3.5 mm AUX-in for audio playback and the USB-C for power. We have included a USB-C to USB-A converter that allows you to use Pebble V2 on your older computers"
https://www.newegg.com/amd-epyc-9845-socket-sp5/p/N82E16819113850,AMD EPYC 5th Gen 9005 Series (One-Sixty-Core) 160 Core - Model 9845 AMD - EPYC - Processor / Number: 9845 - Processor / Clock Speed: 2.1 - Total Threads: 320 - Socket SP5 - L3 Cache - 320MB Memory,9298.00$,5 out of 5,Seller is High Performance Tech,The Socket SP5 socket allows processor to be placed on the PCB without soldering EPYC product line processor for your convenience and optimal usage 320 MB of L3 cache memory offers great system performance and avoids interruptions while executing complex and critical tasks Processor with 2.10 GHz clock speed for reliable and fast execution of instructions to ensure maximum convenience and feasibility
https://www.newegg.com/msi-rtx-5070-12g-ventus-2x-oc-white-nvidia-geforce-rtx-5070-12gb-gddr7/p/N82E16814137942,MSI Ventus GeForce RTX 5070 12GB GDDR7 PCI Express 5.0 Graphics Card RTX 5070 12G VENTUS 2X OC WHITE,659.99$,5 out of 5,Seller is Newegg,12GB 192-Bit GDDR7 Boost Clock 2542 MHz 1 x HDMI 2.1b 3 x DisplayPort 2.1b 6144 Cores CUDA Cores PCI Express 5.0
https://www.newegg.com/p/2T3-003D-00006,88mm T129215SU 0.50A For ASUS GTX1060 1070 Ti RX 470 570 580 Dual OC cooling fan a pair,23.99$,No Rating,Seller is SXDOOL Electronics Global,"88mm T129215SU 0.50A For ASUS GTX1060 1070 Ti RX 470 570 580 Dual OC cooling fan a pair Please confirm the device model, fan model and appearance before purchasing. Welcome to consult."
https://www.newegg.com/tp-link-deco-x55-mesh-wifi-system/p/N82E16833704626,"TP-Link AX3000 Whole Home Mesh WiFi 6 System, Dual-Band with Smart Antennas, MU-MIMO, HomeShield Security Deco X55(3-Pack)",149.99$,4.4 out of 5,Seller is Newegg,Wi-Fi 6 Mesh Wi-Fi - Next-gen Wi-Fi 6 AX3000 whole home mesh system to eliminate weak Wi-Fi for good Whole Home Wi-Fi Coverage - Cover up to 6500 square feet with seamless high-performance Wi-Fi 6 and eliminate dead zones and buffering. Better than traditional Wi-Fi booster Connect More Devices - Deco X55(3-pack) is strong enough to connect up to 150 devices with strong and reliable Wi-Fi More Gigabit Ports - Each Deco X55 has 3 Gigabit Ethernet ports(9 in total for a 3-pack) and supports Wired Ethernet Backhaul for better speeds. Any of them can work as a Wi-Fi Router Easy Setup and Management - The Deco app helps you set up your network in minutes with clear visual guidance and keeps you in control even when you are not home; Works with Alexa as well Turn on or off Guest Wi-Fi by simple voice commands
https://www.newegg.com/p/N82E16817959008,MONTECH CENTURY II - 850W High-End ATX Gaming Power Supply - 80 Plus Gold & Cybenetics Platinum - Fully Modular -  ATX 3.1 & PCIe 5.1 Ready with 12V-2x6 Cable - 10 Years Warranty,109.99$,No Rating,Seller is Newegg,"Compatible with Latest Platforms: ATX 3.1 & PCIe 5.1 ready, featuring a 12V-2x6 cable. Efficiency Certificates: 80 Plus Gold and Cybenetics Platinum certified. Reliable Components: Equipped with 100% Japanese capacitors. Optimized Ventilation: Includes 135mm FDB silent fan with zero RPM mode. Signature of Design: MONTECH's signature design in silver matellic appearance. Protection and Reliability: equipped OCP, OVP, UVP, SCP, OTP, and OPP with 10-year warranty."
https://www.newegg.com/rosewill-rsv-z3200u-silver/p/N82E16811147347,"Rosewill 3U Server Chassis Rackmount Case, 6x 3.5"" Bays, E-ATX Compatible, 2x 80mm Fans, 2x USB 3.0, Silver/Black - RSV-Z3200U",119.99$,3.6 out of 5,Seller is Newegg,"Roomy Chassis: This 3U server case has 6 internal 3.5"" HDD bays. Expandable & E-ATX Compatible: 4 PCI expansion slots and E-ATX compatibility gives you options for expansion. Quiet Cooling: 2 pre-installed 80mm front cooling fans provide excellent airflow and heat protection at reduced noise. Desired Features: Front panel LED indicators for power, HDD, and LAN status monitoring allow quick, easy visual assessment. Additional utility with 1 USB 3.0 and 1 USB 2.0 port. Expansion Length: Low profile 150mm & Maximum Height: 102mm"
https://www.newegg.com/athena-power-p2h-5400v-400w/p/N82E16817338124,Athena Power Zippy P2H-5400V 400W 2U Single IPC/Server Power Supply - 80Plus Standard - OEM,281.99$,No Rating,Seller is Newegg,400W Single ATX Connector 24 (20+4) pin x 1 P4-12V 4 Pin x 1 EPS 12V 8 Pin x 2 SATA 15 Pin x 3 Molex 4 Pin x 3
https://www.newegg.com/asus-vg32wq3b-31-5-qhd-180-hz-tuf-gaming-fast-va-black/p/N82E16824281351,"ASUS TUF Gaming 31.5"" 1440P Curved HDR Gaming Monitor (VG32WQ3B - QHD (2560 x 1440), 180Hz, 0.5ms, 1500R, Extreme Low Motion Blur, FreeSync, 90% DCI-P3, Shadow Boost, DisplayWidget",2399.99$,5 out of 5,Seller is Newegg,"31.5-inch QHD 1500R curved gaming monitor with ultra-fast 180Hz refresh rate designed for professional gamers and immersive gameplay 0.5ms (GTG) response time for smooth gameplay, and ASUS Extreme Low Motion Blur (ELMB) technology to further reduce ghosting and motion blur FreeSync technology delivers a seamless, tear-free gaming experience by enabling VRR (variable refresh rate) by default Shadow Boost enhances image details in dark areas, brightening scenes without over-exposing bright areas Free 3-month Adobe Creative Cloud Subscription: Receive complimentary access with the purchase of this product (offer valid from 09/01/2023 to 08/31/2025)"
https://www.newegg.com/creative-51mf1705aa000-2-0/p/N82E16886112007,"Creative T60 2.0 Compact Hi-Fi Desktop Speakers with Clear Dialog and Surround by Sound Blaster, USB-C Audio, Mic and Headset Ports, Bluetooth 5.0, Up to 60W Peak Power, for Computers and Laptops",99.99$,4.3 out of 5,Seller is Newegg,"HEAR CLEARER DIALOGS AND ENJOY IMMERSIVE SURROUND, POWERED BY SOUND BLASTER - Creative T60 features Clear Dialog and Surround, audio technologies powered by Sound Blaster, to deliver clearer spoken dialogs so you can focus on the show without having to read subtitles, or stay engaged in your gaming session with enhanced Surround immersion. Turn these features on or off directly via the buttons located on the speaker, and enjoy an elevated desktop movie and gaming experience right away VARIOUS CONNECTIVITY OPTIONS - Comes with a plethora of connectivity options including USB-C audio that can be connected to your laptops / desktop computer / gaming consoles, wireless audio streaming from your mobile devices with Bluetooth 5.0, built-in 3.5 mm headset and microphone jacks for when you need to attend online work calls, and a standard 3.5 mm AUX-in port for any of your universal analogue devices CONVENIENT CONTROLS INCLUDING HEADSET AND SPEAKERS SWITCH"
https://www.newegg.com/supermicro-mbd-x13sae-f-o-supports-12th-generation-intel-core-i3-i5-i7-i9-processors/p/N82E16813183808,SUPERMICRO MBD-X13SAE-F-O ATX Server Motherboard LGA 1700 Intel W680,459.00$,4.7 out of 5,Seller is Newegg,"12th Generation Intel Core i3/i5/i7/i9 Processors, Single Socket LGA-1700 supported, CPU TDP supports Up to 125W TDP Single LAN with Intel Ethernet i225V Single LAN with Intel PHY I219LM LAN controller for AMT/vPro Intel W680 2 PCI-E 5.0 x16 slots (16/NA or 8/8)2 PCI-E 3.0 x4 1 - 5V PCI 32bit M.2 Interface: 3 PCI-E 4.0 x4, RAID 0,1,5 M.2 Form Factor: 2280 M.2 Key: M-Key 128GB Unbuffered ECC/non-ECC UDIMM, DDR5-4400MHz, in 4 DIMM slots Intel W680 controller for 8 SATA3 (6 Gbps) ports; RAID 0,1,5,10 1 DP 1.4a port, 1 HDMI 2.1 port, 1 DVI - D port"
https://www.newegg.com/cooler-master-liquid-cooling-system-master-liquid/p/N82E16835103361,"Cooler Master MasterLiquid 120L Core 120mm Close-Loop AIO Liquid Cooler, White LED Pump, Gen S Coldplate Pump, 120mm PWM, CryoFuze 14W/mK, AMD AM5/AM4, Intel LGA1851/1700/1200 (MLW-D12M-A17PK-R1)",64.99$,4.2 out of 5,Seller is Newegg,"Clean Classic Design: A clean and minimalist design offers a modern facelift to the pump, while enhancing the white LED lighting dispersion. Gen S Dual Chamber Pump: An improved copper base design to target heat spots with greater precision, while also increasing water flow and pressure for enhanced cooling performance. CryoFuze Thermal Paste: Now included premium CryoFuze thermal paste, which offers exceptional thermal conductivity of 14W/mK, as well as non-corrosive and oxidation-resistant properties for temperature stability ranging from -50°C up to 250°C. Optimized Fan Blades: Our optimized PWM curve blade design improves airflow and air pressure, while the enhanced frame reduces turbulent flow for a quieter and more efficient cooling performance. No Colors Needed: Experience signature cooling performance with an All-Black design, providing the perfect solution for those seeking a sleek and stealthy finish. Latest Socket Compatibility: Tool-free mounting brackets"
https://www.newegg.com/black-istarusa-d-400/p/N82E16811165416,"iStarUSA D-400 Black Aluminum / Steel 4U Rackmount Compact Stylish Chassis - Black Bezel 4 External 5.25"" Drive Bays",209.99$,4.6 out of 5,Seller is Newegg,"4 External 5.25"" Drive Bays 1 80mm Fans 1 120mm Fans"
https://www.newegg.com/rosewill-rsv-l4000u-black/p/N82E16811147327,"Rosewill 4U Server Chassis Rackmount Case | 8 3.5"" HDD Bays, 3 5.25"" Devices | E-ATX Compatible | 5 Front 120mm Fans, 2 Rear 80mm Fans | 2x USB 3.0 | Front Panel Lock | Silver/Black - RSV-L4000U",229.99$,4.1 out of 5,Seller is Newegg,"Spacious Chassis: This massive 4U server case with 8 internal 3.5"" HDD bays plus room for 3 additional 5.25"" devices. Expandable & E-ATX Compatible: 7 PCI expansion slots and E-ATX compatibility gives you growth options for all of your needs. Exceptional Cooling: 7 pre-installed cooling fans provide excellent airflow and heat protection. 5 front 120mm fans and 2 rear 80mm fans ensure your drives and chassis avoid overheating. Desired Features: Front panel LED indicators for power, HDD, and LAN status monitoring allow quick, easy visual assessment. Additional utility with 2 USB 3.0 port and built-in front panel lock provides extra security for your server case."
https://www.newegg.com/magenta-lexmark-700zd3-toner/p/N82E16828006795,LEXMARK 70C0D30 Developer Unit; Magenta,59.29$,No Rating,Seller is BeachAudio,70C0D30 Developer Unit Compatible with Lexmark Printers
https://www.newegg.com/amd-epyc-9124-socket-sp5/p/N82E16819113819,AMD EPYC 9004 (4th Gen) 9124 Hexadeca-core (16 Core) 3 GHz Processor - 64 MB L3 Cache - 16 MB L2 Cache - 64-bit Processing - 3.70 GHz Overclocking Speed - Socket SP5 No Graphics - 200 W - 32 Threads,1020.01$,No Rating,Seller is ADP Tech,"Processor provides dependable and fast execution of tasks with maximum efficiency Processor consumes less power to offer maximum productivity with added usability Processor is versatile, reliable, and offers convenient usage with high speed EPYC product line processor for better reliability and ensure maximum productivity 16 MB L2 + 64 MB L3 cache memory provides excellent hit rate in short access time enabling improved system performance 64 MB of L3 cache memory offers great system performance and avoids interruptions while executing complex and critical tasks 64 MB of L3 cache memory provides excellent hit rate in short access time enabling improved system performance"
https://www.newegg.com/tripp-lite-sr48side-rack-enclosure/p/N82E16816228153,Tripp Lite SR48SIDE 48U 48U Smartrack Side Panel with Key Locking Latch,139.99$,No Rating,Seller is Newegg,Black Rack Enclosure
https://www.newegg.com/startech-com-sfpf1302c/p/N82E16816530002,"StarTech.com SFPF1302C Cisco GLC-FE-100FX Compatible SFP Module - 100BASE-FX Fiber Optical Transceiver, SFPF1302C",46.99$,No Rating,Seller is Newegg,"With 100Base-FX technology, enjoy up to 100Mbps data transfer rate over optical fiber cable Featuring Fast Ethernet port to enhance the data transfer rate by up to 100Mbps for connectivity Optical fiber cable compatible - Spans afar and provides speedy data transmission rates between servers and network components With its thicker diameter to carry the light of multiple wavelengths, multi-mode fiber optic cable supports the high bandwidth to carry more information with greater fidelity SFP (mini-GBIC) is the single answer to all your desired and specified application execution needs SFP (mini-GBIC) with data networking application/usage for reliability and maximum efficiency Hot-pluggable form factor for added reliability and dependability"
https://www.newegg.com/hewlett-packard-b5l37a-toner-black/p/09Z-01S1-00091,"HP Color LaserJet B5L37A Toner Collection Unit, ~ 54,000 pages, B5L37A",19.99$,No Rating,Seller is Official HP Store,HP Color LaserJet B5L37A Toner Collection Unit
https://www.newegg.com/p/1E8-007M-00001,BUFFALO AMERICAS HD-LX8.0TU3 8TB Drivestation Axis Velocity,217.99$,5 out of 5,Seller is Newegg,Boasts extremely fast file transfers with its a high speed 7200 RPM hard driveUSB 3.0 offers universal connectivity for PC and Mac computersOptional 256-bit AES hardware encryption provides an extra level of data protectionSchedule automatic backups for your PC with Buffalo Backup UtilityTime Machine® support offers scheduled backups for protecting Mac computersSleek chassis can be positioned vertically or horizontally for efficient use of spacePerfect external storage for users backing up and retrieving large files quickly
https://www.newegg.com/tp-link-deco-be63/p/N82E16833704722,"TP-Link Tri-Band WiFi 7 BE10000 Whole Home Mesh System (Deco BE63) | 6-Stream 10 Gbps | 4 × 2.5G Ports Wired Backhaul, 4× Smart Internal Antennas | VPN, AI-Roaming, MU-MIMO, HomeShield (2-Pack)",349.99$,5 out of 5,Seller is Newegg,"Designed w/ the latest Wi-Fi 7 technology, featuring Multi-Link Operation, Multi-RUs, 4K-QAM, & 320 MHz channels. With speeds of 5188 Mbps on the 6GHz band, 4324 Mbps on the 5GHz band, and 574 Mbps on the 2.4GHz band, the 1 pack mesh covers up to a colossal 3,000 Sq.Ft, connects over 200 devices without dragging down performance and delivers unparalleled Wi-Fi performance. Equipped w/ 4x2.5G WAN/LAN ports & a USB 3.0 port, Deco BE63 make it an ideal solution for future-proofing your home network. Through TP-Link's self-developed technology, Deco BE63 can connect to wireless and wired backhaul simultaneously, taking full advantage of the WiFi 7 technology & giving you a faster speeds & wider coverage. The Deco Mesh forms a unified network with a single network name. W/ built-in AI-Roaming technology, it creates the ideal WiFi solution w/ its advanced algorithms & self-learning. Walk through your home & enjoy seamless streaming at the fastest possible speeds"
https://www.newegg.com/black-oki-data-42377801-ribbon/p/N82E16817102405,"Oki Data 42377801 Ribbon Cartridge - Black - 7.5 Million Character Life - ML420 / 421, ML490 / ML491 Printers",18.99$,No Rating,Seller is Newegg,Ribbon Black 1
https://www.newegg.com/morpheus-360-advantage-wireless-mono-headset-black/p/N82E16826073016,Morpheus 360 Advantage Wireless Mono Headset with Detachable Boom Microphone - Bluetooth Headphones - UC Compatible - 20 Hour Playtime - USB A Connector - USB Type-C Adapter - HS6200MBT,48.99$,No Rating,Seller is Newegg,"Multipoint Bluetooth Connection: Equipped with Bluetooth 5.3, our headset pairs with multiple devices, allowing seamless switching. Enjoy cutting-edge connectivity without the high-end price. Lightweight for Extended Use: Our Advantage Lightweight Design headset won't weigh you down, ensuring comfort throughout your workday or during long study sessions, affordably. Noise-Canceling Precision: The 120-degree rotatable Noise Cancelling Boom Microphone offers focused conversation clarity, filtering out unwanted noise, perfect for budget-conscious professionals. Eco-Leather Comfort: Soft protein leather ear cushions with memory foam provide the luxurious feel of leather, offering all-day comfort for those who prioritize affordability and quality. Universal Software Compatibility: Designed for universal communication, this headset works flawlessly with Zoom, Skype, MS Teams, and more, ensuring you stay connected on a budget."
https://www.newegg.com/p/N82E16823167062,"MSI Forge GK310 RED US - Hot Swappable Mechanical Keyboard, RED SWITCHES, RGB, Ergonomic, Anti-GHOSTING, Angle-Adjustable",34.99$,4.3 out of 5,Seller is Newegg,"Durable Switches - Years of gaming with switches rated for over 60 million actuations for keyboard Hotkeys for Rapid Control - Easy to change lighting effects, media controls, and access widgets RGB LED - Lighten the mood by playing with predefined effects for the preferred vibe on the keyboard Mechanical Red Switches 26-key anti-ghosting"
https://www.newegg.com/noctua-na-scw1/p/2MB-0026-00003,"Noctua NA-SCW1, Cleaning Wipes for Thermal Paste (20 pieces)",104.99$,4.7 out of 5,Seller is tradeCOzone,"Cleaning wipes for removing thermal compounds such as Noctua NT-H2 and NT-H1 Ideal for cleaning the contact surface of the heatsink as well as the heat-spreader of CPUs, GPUs or other chips Pre-moistened with a custom detergent mixture for easy and efficient cleaning Large size (15x12cm) is usually enough to clean both the chip and the cooler Pack contains 20 individually packed wipes"
https://www.newegg.com/intel-xeon-e-2336-lga-1200/p/N82E16819118410,Intel Xeon E E-2336 Hexa-core [6 Core] 2.90 GHz 12MB L3 Cache LGA 1200 65W Processor - Retail Pack (BX80708E2336),362.99$,No Rating,Seller is Newegg,Dimensions (Overall): 2.65 inches (H) x 5.0 inches (W) x 6.0 inches (D) Socket Type: LGA1200 Processor Type: Intel Xeon Product Name: Intel Xeon E E-2336 Hexa-core [6 Core] 2.90 GHz Processor - Retail Pack (258694) Processor model: E-2336 Processor Speed: 2.9 ghz Number of cores: 6 Battery: No Battery Used
https://www.newegg.com/intel-xeon-silver-4309y-lga-4189/p/N82E16819118336,Intel Xeon Silver 4300 (3rd Gen) 4309Y Octa-core (8 Core) 2.80 GHz Processor -12 MB L3 Cache - 64-bit Processing - 3.60 GHz Overclocking Speed - 10 nm - Socket LGA-4189 -105 W -16 Threads-BX806894309Y,626.99$,No Rating,Seller is Newegg,"The Socket LGA-4189 socket allows processor to be placed on the PCB without soldering 10 nm design offers great efficiency for computing, delivers nimble processing with balanced cost, performance, and power Xeon Silver product line processor for better reliability and ensure maximum productivity Its 12 MB of L3 cache is good enough to carry routine data and process them in a flash giving you fast and smooth performance Octa-core (8 Core) processor core allows multitasking with great reliability and fast processing speed Processor with 2.80 GHz clock speed for reliable and fast execution of instructions to ensure maximum convenience and feasibility 3rd Gen processor generation provides an improved power efficiency with maximum dependability and longevity"
https://www.newegg.com/p/2AN-000V-00GD0,HPE 633542-001 1GB Flash Backed Write Cache,49.99$,No Rating,Seller is Cloud Computing LLC,"General InformationManufacturer: Hewlett Packard EnterpriseManufacturer Part Number: 633542-001Manufacturer Website Address: http://www.hpe.comBrand Name: HPEProduct Name: 1GB Flash Backed Write CacheMarketing Information: 1GB flash backed write cache (FBWC) memory module, 72-bit wide - Does not include the controller board or capacitor module - For use with the P420 and P421 Smart Array controllersProduct Type: Cache MemoryTechnical InformationMemory Size: 1 GBMemory Technology: DDR3 SDRAMData Backup Type: Flash BackedDevice Supported: RAID ControllerPhysical CharacteristicsForm Factor: MiniDIMMMiscellaneousCompatibility: HPE Smart Array controllers:  P420 P421"
https://www.newegg.com/blue-microphones-yeti-nano-black-usb-connector/p/N82E16886408009,"Blue Yeti Nano Premium USB Microphone for PC, Mac, Gaming, Recording, Streaming, Podcasting, Condenser Mic with Blue VO!CE Effects, Cardioid and Omni, No-Latency Monitoring - Blackout",89.99$,4.6 out of 5,Seller is Newegg,"Legendary Blue Broadcast Sound – Two Custom Mic Capsules Give Your Voice Exceptional Presence And Detail For Professional-Level Recording And Streaming Blue Vo.Ce Software: Craft The Perfect Broadcast Vocal Sound And Entertain Your Audience With Enhanced Effects, Advanced Modulation And Hd Audio Samples. Advanced Blue Vo.Ce Is Compatible With Yeti, Yeti Nano And Yeti X. To Access Blue Vo.Ce, Please Download Logitech’S Free G Hub Software Multiple Pickup Patterns – Cardioid And Omni Pickup Patterns Are Perfect For Pro Recording And Streaming No-Latency Monitoring – Onboard Headphone Output And Volume Control For Ensuring Great Sound"
https://www.newegg.com/istarusa-d313sematx-de1bk/p/N82E16811165497,"iStarUSA D313SEMATX-DE1BK Aluminum / Steel 3U Rackmount Compact Trayless Server Case - Black Bezel 1 External 5.25"" Drive Bays",119.99$,4 out of 5,Seller is Newegg,"1 External 5.25"" Drive Bays 1 x 3.5"" SATA/SAS Hot-Swap Drive Bays"
https://www.newegg.com/fractal-design-272mm-intel-lga-115x-1200-1700-1366-2011-2066-amd-socket-am2-am2-am3-am3-am4-am5-blk/p/N82E16835352104,Fractal Design Lumen S24 v2 RGB Aspect 12 RGB x2 AIO CPU Liquid/Water Cooler - Supports Intel LGA 1851/1700/1150/1151/1155/1156/1200 LGA 1366/2011/2011-3/2066 and AMD AM5/AM4,109.99$,4.5 out of 5,Seller is Newegg,"Stealthy and illuminated looks controlled from your motherboard Removable top turns at 90° for a horizontal logo in any orientation Thermal paste is pre-applied to ensure a simple installation Fits Intel LGA 1150, 1151, 1155, 1156, 1200, 1700, 1366, 2011, 2011-3, 2066 Fits AMD Socket AM2, AM2+, AM3, AM3+, AM4, AM5, FM1, FM2, FM2+ Aspect fans for low turbulence and chaining support Articulating elbow fittings make the tubes easier to route Fittings reduce cold plate housing tension Current certifications include Asus AURA, Gigabyte Fusion and more Low permeability rubber tubes with braided nylon sleeve"
https://www.newegg.com/msi-rtx-3050-ventus-2x-6g-oc-nvidia-geforce-rtx-3050-6gb-gddr6/p/N82E16814137878,MSI Ventus GeForce RTX 3050 6GB GDDR6 PCI Express 4.0 x8 ATX Graphics Card RTX 3050 VENTUS 2X 6G OC,104.99$,4.7 out of 5,Seller is Newegg,6GB 96-Bit GDDR6 Boost Clock 1492 MHz 2 x HDMI 2.1 1 x DisplayPort 1.4a 2304 Cores CUDA Cores PCI Express 4.0 x8
https://www.newegg.com/black-front-bezel-istarusa-d213matx-de1bk/p/N82E16811165496,iStarUSA D213MATX-DE1BK Black Front Bezel Aluminum / Steel 2U Rackmount Compact Server Case,102.99$,4.2 out of 5,Seller is Newegg,"1 x 3.5"" SAS/SATA Hot-Swap Drive Bays Aluminum / Steel MicroATX Motherboard"
https://www.newegg.com/broadcom-05-50076-00-pci-express/p/N82E16816125011,BROADCOM 05-50076-00 PCI-Express 4.0 x8 PCI-Express MegaRAID 9580-8i8e RAID Controller,1000.00$,No Rating,"Seller is Aeon Micro, Inc","Connect up to 240 SAS/SATA devices or 32 NVMe devices per controller Fits into rack-mounted servers with low-profile form factor and side-mounted SAS connectors Form-factor friendly cable exit Support critical, high-bandwidth applications with PCIe 4.0 connectivity Balance protection and performance for critical applications with RAID 0, 00, 1, 5, 6, 10, 50 and 60 JBOD mode with RAID 0, 1, 10 and JBOD for SDS environments Add more protection and peace of mind with CacheVault flash cache protection"
https://www.newegg.com/logitech-910-005878-pro-x-rf-lightspeed-wireless/p/N82E16826197421,"Logitech G PRO X SUPERLIGHT Wireless Gaming Mouse, Ultra-Lightweight, HERO 25K Sensor, 25,600 DPI, 5 Programmable Buttons, Long Battery Life, Compatible with PC / Mac - Black",129.00$,4.4 out of 5,Seller is Electronics Deal,"Meticulously designed in collaboration with many of the world’s leading esports pros. Engineered to win, being the pinnacle of our continued pursuit for the highest levels of performance. Ultra-lightweight at under 63 grams, with hyper-minimal redesign achieving nearly 25% weight reduction compared to standard PRO Wireless mouse. Powered by Lightspeed, PRO X Superlight is our fastest and most reliable PRO mouse yet. Incredibly precise, fast and consistent control with Hero Sensor, designed from the ground up by Logitech G engineers for the best possible gaming performance. Large, zero-additive PTFE feet deliver a smooth glide for a pure, fluid connection with the game. System Requirements-Windows 8 or later, macOS 10.11 or later Available in black and white."
https://www.newegg.com/prolimatech-pro-pk3-1-5g/p/N82E16835242028,Prolimatech PRO-PK3-1.5G Nano Aluminum High-Grade Thermal Compound in 1.5 Gram,10.59$,4.8 out of 5,Seller is Prolimatech,"High Thermal Conductivity Low Thermal Resistance Long-Term Stability Low Dry-Out Non-Corrosive Electrically Non-Conductive No ""burn-in"" time required"
https://www.newegg.com/p/N82E16826188017,"EVGA X12 Gaming Mouse, 8k, Wired, White, Customizable, Dual Sensor, 16,000 DPI, 5 Profiles, 8 Buttons, Ambidextrous Light Weight, RGB, 905-W1-12WH-KR",9.99$,4 out of 5,Seller is Newegg,"Dual Sensor 2-Dimension Array Tech, LOD sensor paired with a Pixart 3389 optical sensor USB2.0 High-Speed 32-bit Arm Cortex-M33 core microprocessor, supporting a native 8K Hz report rate. Eight times the standard 1K Hz on competing gaming mice for faster response time and precise movements. 5 customizable onboard profiles with on the fly DPI settings allow you to take your mouse anywhere. 3 zone RGB Lighting customizable via the UNLEASH RGB software Light weight ambidextrous body and flexible paracord usb cable"
https://www.newegg.com/msi-vigor-gk30-white-gaming-combo-s11-04us319-cla-mecha-membrane-mechanical-keyboard/p/N82E16823167047,"MSI Vigor GK30 Combo White, 6-Zone RGB GK30 Gaming Keyboard & GM11 Gaming Mouse, Water Repellent & Splash-Proof, 5000 DPI",49.00$,4.3 out of 5,Seller is Newegg,"Vigor GK30 combo us includes Vigor GK30 gaming keyboard and clutch GM11 gaming mouse, the best combo fit for PC gaming Keyboard is equipped with special membrane switches for excellent mechanical feel Keyboard provides 6-region RGB illumination with 8 amazing light effects and supports MSI Mystic Light Mouse is asymmetric ergonomic design"
https://www.newegg.com/rosewill-rms-e41-monitor-arms-black/p/N82E16824992229,"Rosewill Single Monitor Mount, 15 to 32 Inch, 4.4 to 19.8lbs, Adjustable Gas Spring Monitor Arm with Cable Management, Clamp & Grommet Base",429.00$,4 out of 5,Seller is Newegg,"Great Adaptability: This Rosewil single monitor arm fits 15-32 inch monitors, holds 4.4-19.8 lbs, suitable for VESA patterns of 75x75mm & 100x100mm. Full Adjustable: Compared with other single monitor arm adjustment methods, this monitor arm is easy to use and has a tilt range from -90°to +85°, ±90 ° swivel, and 360°rotation, so your screen can be lifted up to 39.6cm from desktop with one hand. 80% Sturdier Than Others: The single desk monitor mount uses automotive-grade gas spring cores and has undergone 20,000 motion tests. Installed In 3 Minutes: The 1-piece design monitor arm simplifies the installation, so all necessary hardware is included Efficient Space Utilization: The C-clamp or grommet mounting base will save more than 80% desktop space compared to a vertical monitor stand with a heavy-duty base."
https://www.newegg.com/black-startech-com-3-28-ft-data-transfer-cable/p/N82E16812400399,StarTech.com 1m Certified SuperSpeed USB 3.0 A to B Cable - M/M,13.99$,5 out of 5,Seller is Newegg,1 Connector Number Black
https://www.newegg.com/gigabyte-mc62-g40-amd-ryzen/p/N82E16813145382,GIGABYTE MC62-G40 AMD Ryzen Threadripper PRO Workstation Board,661.99$,No Rating,Seller is Newegg,"AMD Ryzen Threadripper PRO 5000WX and 3000WX Processors 8-Channel DDR4 UDIMM/RDIMM/3DS RDIMM/LRDIMM 8 x DIMMs Dual Intel 10GbE and 1GbE LAN Ports 1 x Dedicated Management Port 7 x PCIe 4.0 Slots for Multi-GPU 4x SATA Ports, 3x SlimSAS Ports (PCIe Gen4 or SATA) Dual M.2 (PCIe Gen4 or SATA) and USB 3.2 Gen2"
https://www.newegg.com/noctua-nf-p12-redux-1700-pwm/p/13C-0005-001N1,"Noctua NH-U12S redux, High Performance CPU Cooler with NF-P12 redux-1700 PWM 120mm fan (Grey)",75.95$,4.8 out of 5,Seller is Corn Electronics,"Streamlined, more affordable redux line version of the award-winning NH-U12S heatsink Slim 120mm size for excellent case, RAM and PCIe compatibility: fits most tower cases (158mm height), doesn't overhang the RAM slots, doesn’t block the PCIe on most ATX and Micro-ATX motherboards Quiet NF-P12 redux-1700 120mm fan with PWM for automatic speed control: full cooling performance under load, near silent at idle! Includes high-end NT-H1 thermal paste and SecuFirm2 mounting system for easy installation on Intel LGA1851, LGA1700, LGA1200, LGA115x and AMD AM5 & AM4 Renowned Noctua quality at an attractive price, smart choice for Intel Core & Core Ultra (e.g. 285K, 265K, 245K) and AMD Ryzen (e.g. 9950X, 9900X, 9700X, 9600X)"
https://www.newegg.com/supermicro-mbd-x11scl-if-o-8th-generation-intel-core-i3-pentium-celeron-processor-intel-xeon-pr/p/N82E16813183670,SUPERMICRO MBD-X11SCL-IF-O Mini ITX Server Motherboard LGA 1151 Intel C242,232.99$,5 out of 5,Seller is Newegg,LGA 1151 Intel C242
https://www.newegg.com/corsair-k70-ch-9109414-na-mechanical-keyboard-cherry-mx-speed/p/N82E16823816154,Corsair K70 RGB PRO Mechanical Gaming Keyboard with PBT DOUBLE SHOT PRO Keycaps - CHERRY MX SPEED,159.99$,4.7 out of 5,Seller is Newegg,Durable aluminum frame with per-key RGB lighting Precision at your fingertips with Corsair OPX switches 8x faster responsiveness Upgrade your keyboard game with double-shot keycaps Tournament switch for distraction-free gameplay
https://www.newegg.com/asus-va27dqfs-27-fhd/p/N82E16824281325,"ASUS 27"" 1080P Business Monitor (VA27DQFS) - IPS, Frameless, 100Hz, 1ms, Adaptive-Sync, HDMI, DisplayPort, VGA, for Working and Gaming, Ergonomic Design, Blue Light Filter, Flicker Free",2399.99$,5 out of 5,Seller is Newegg,"27-inch Full HD (1920x1080) frameless design with IPS 178° wide viewing angle panel SmoothMotion 100Hz refresh rate and 1ms MPRT delivers a seamless, tear-free visual experience by enabling VRR (variable refresh rate) Rich connectivity features HDMI and DisplayPort, plus earphone jack VESA wall-mountable to save on desktop space Ergonomic design with tilt, swivel, pivot and height adjustments for a comfortable viewing experience ASUS DisplayWidget Center lets users easily change monitor settings via an intuitive interface ASUS Eye Care monitors feature TÜV Rheinland-certified Flicker-free and Low Blue Light technologies to ensure a comfortable viewing experience What’s in the box: HDMI cable, USB Type-B to A cable, Power cord, Ergonomic Stand, Quick start guide, Warranty Card Free 1-month Adobe Creative Cloud Subscription: Receive complimentary access with the purchase of this product (offer valid from 9/15/2021 to 8/31/2025)"
